CREATE DATABASE  IF NOT EXISTS `assignmentdc` /*!40100 DEFAULT CHARACTER SET utf8mb4 COLLATE utf8mb4_0900_ai_ci */ /*!80016 DEFAULT ENCRYPTION='N' */;
USE `assignmentdc`;
-- MySQL dump 10.13  Distrib 8.0.28, for Win64 (x86_64)
--
-- Host: localhost    Database: assignmentdc
-- ------------------------------------------------------
-- Server version	8.0.28

/*!40101 SET @OLD_CHARACTER_SET_CLIENT=@@CHARACTER_SET_CLIENT */;
/*!40101 SET @OLD_CHARACTER_SET_RESULTS=@@CHARACTER_SET_RESULTS */;
/*!40101 SET @OLD_COLLATION_CONNECTION=@@COLLATION_CONNECTION */;
/*!50503 SET NAMES utf8 */;
/*!40103 SET @OLD_TIME_ZONE=@@TIME_ZONE */;
/*!40103 SET TIME_ZONE='+00:00' */;
/*!40014 SET @OLD_UNIQUE_CHECKS=@@UNIQUE_CHECKS, UNIQUE_CHECKS=0 */;
/*!40014 SET @OLD_FOREIGN_KEY_CHECKS=@@FOREIGN_KEY_CHECKS, FOREIGN_KEY_CHECKS=0 */;
/*!40101 SET @OLD_SQL_MODE=@@SQL_MODE, SQL_MODE='NO_AUTO_VALUE_ON_ZERO' */;
/*!40111 SET @OLD_SQL_NOTES=@@SQL_NOTES, SQL_NOTES=0 */;

--
-- Table structure for table `city`
--

DROP TABLE IF EXISTS `city`;
/*!40101 SET @saved_cs_client     = @@character_set_client */;
/*!50503 SET character_set_client = utf8mb4 */;
CREATE TABLE `city` (
  `id` int DEFAULT NULL,
  `name` varchar(17) DEFAULT NULL,
  `countrycode` varchar(3) DEFAULT NULL,
  `district` varchar(30) DEFAULT NULL,
  `population` int DEFAULT NULL
) ENGINE=InnoDB DEFAULT CHARSET=utf8mb4 COLLATE=utf8mb4_0900_ai_ci;
/*!40101 SET character_set_client = @saved_cs_client */;

--
-- Dumping data for table `city`
--

LOCK TABLES `city` WRITE;
/*!40000 ALTER TABLE `city` DISABLE KEYS */;
INSERT INTO `city` VALUES (6,'Rotterdam','NLD','Zuid-Holland',593321),(3878,'Scottsdale','USA','Arizona',202705),(3965,'Corona','USA','California',124966),(3973,'Concord','USA','California',121780),(3977,'Cedar Rapids','USA','Iowa',120758),(3982,'Coral Springs','USA','Florida',117549),(4054,'Fairfield','USA','California',92256),(4058,'Boulder','USA','Colorado',91238),(4061,'Fall River','USA','Massachusetts',90555),(1613,'Neyagawa','JPN','Osaka',257315),(1630,'Ageo','JPN','Saitama',209442),(1661,'Sayama','JPN','Saitama',162472),(1681,'Omuta','JPN','Fukuoka',142889),(1739,'Tokuyama','JPN','Yamaguchi',107078),(6,'Rotterdam','NLD','Zuid-Holland',593321),(3878,'Scottsdale','USA','Arizona',202705),(3965,'Corona','USA','California',124966),(3973,'Concord','USA','California',121780),(3977,'Cedar Rapids','USA','Iowa',120758),(3982,'Coral Springs','USA','Florida',117549),(4054,'Fairfield','USA','California',92256),(4058,'Boulder','USA','Colorado',91238),(4061,'Fall River','USA','Massachusetts',90555),(1613,'Neyagawa','JPN','Osaka',257315),(1630,'Ageo','JPN','Saitama',209442),(1661,'Sayama','JPN','Saitama',162472),(1681,'Omuta','JPN','Fukuoka',142889),(1739,'Tokuyama','JPN','Yamaguchi',107078);
/*!40000 ALTER TABLE `city` ENABLE KEYS */;
UNLOCK TABLES;

--
-- Table structure for table `citya`
--

DROP TABLE IF EXISTS `citya`;
/*!40101 SET @saved_cs_client     = @@character_set_client */;
/*!50503 SET character_set_client = utf8mb4 */;
CREATE TABLE `citya` (
  `id` int DEFAULT NULL,
  `name` varchar(17) DEFAULT NULL,
  `countrycode` varchar(3) DEFAULT NULL,
  `district` varchar(30) DEFAULT NULL,
  `population` int DEFAULT NULL
) ENGINE=InnoDB DEFAULT CHARSET=utf8mb4 COLLATE=utf8mb4_0900_ai_ci;
/*!40101 SET character_set_client = @saved_cs_client */;

--
-- Dumping data for table `citya`
--

LOCK TABLES `citya` WRITE;
/*!40000 ALTER TABLE `citya` DISABLE KEYS */;
/*!40000 ALTER TABLE `citya` ENABLE KEYS */;
UNLOCK TABLES;

--
-- Table structure for table `customersa`
--

DROP TABLE IF EXISTS `customersa`;
/*!40101 SET @saved_cs_client     = @@character_set_client */;
/*!50503 SET character_set_client = utf8mb4 */;
CREATE TABLE `customersa` (
  `customerNumber` int NOT NULL,
  `customerName` varchar(50) NOT NULL,
  `phone` varchar(50) NOT NULL,
  `city` varchar(50) NOT NULL,
  `state` varchar(50) DEFAULT NULL,
  `postalCode` varchar(15) DEFAULT NULL,
  `country` varchar(50) NOT NULL,
  `salesRepEmployeeNumber` int DEFAULT NULL,
  `creditLimit` decimal(10,2) DEFAULT NULL,
  PRIMARY KEY (`customerNumber`)
) ENGINE=InnoDB DEFAULT CHARSET=utf8mb4 COLLATE=utf8mb4_0900_ai_ci;
/*!40101 SET character_set_client = @saved_cs_client */;

--
-- Dumping data for table `customersa`
--

LOCK TABLES `customersa` WRITE;
/*!40000 ALTER TABLE `customersa` DISABLE KEYS */;
INSERT INTO `customersa` VALUES (103,'Atelier graphique','40.32.2555','Nantes',NULL,'44000','France',1370,21000.00),(112,'Signal Gift Stores','7025551838','Las Vegas','NV','83030','USA',1166,71800.00),(114,'Australian Collectors, Co.','03 9520 4555','Melbourne','Victoria','3004','Australia',1611,117300.00),(119,'La Rochelle Gifts','40.67.8555','Nantes',NULL,'44000','France',1370,118200.00),(121,'Baane Mini Imports','07-98 9555','Stavern',NULL,'4110','Norway',1504,81700.00),(124,'Mini Gifts Distributors Ltd.','4155551450','San Rafael','CA','97562','USA',1165,210500.00),(125,'Havel & Zbyszek Co','(26) 642-7555','Warszawa',NULL,'01-012','Poland',NULL,0.00),(128,'Blauer See Auto, Co.','+49 69 66 90 2555','Frankfurt',NULL,'60528','Germany',1504,59700.00),(129,'Mini Wheels Co.','6505555787','San Francisco','CA','94217','USA',1165,64600.00),(131,'Land of Toys Inc.','2125557818','NYC','NY','10022','USA',1323,114900.00),(141,'Euro+ Shopping Channel','(91) 555 94 44','Madrid',NULL,'28034','Spain',1370,227600.00),(144,'Volvo Model Replicas, Co','0921-12 3555','Luleå',NULL,'S-958 22','Sweden',1504,53100.00),(145,'Danish Wholesale Imports','31 12 3555','Kobenhavn',NULL,'1734','Denmark',1401,83400.00),(146,'Saveley & Henriot, Co.','78.32.5555','Lyon',NULL,'69004','France',1337,123900.00),(148,'Dragon Souveniers, Ltd.','+65 221 7555','Singapore',NULL,'079903','Singapore',1621,103800.00),(151,'Muscle Machine Inc','2125557413','NYC','NY','10022','USA',1286,138500.00),(157,'Diecast Classics Inc.','2155551555','Allentown','PA','70267','USA',1216,100600.00),(161,'Technics Stores Inc.','6505556809','Burlingame','CA','94217','USA',1165,84600.00),(166,'Handji Gifts& Co','+65 224 1555','Singapore',NULL,'069045','Singapore',1612,97900.00),(167,'Herkku Gifts','+47 2267 3215','Bergen',NULL,'N 5804','Norway  ',1504,96800.00),(168,'American Souvenirs Inc','2035557845','New Haven','CT','97823','USA',1286,0.00),(169,'Porto Imports Co.','(1) 356-5555','Lisboa',NULL,'1756','Portugal',NULL,0.00),(171,'Daedalus Designs Imports','20.16.1555','Lille',NULL,'59000','France',1370,82900.00),(172,'La Corne Dabondance, Co.','(1) 42.34.2555','Paris',NULL,'75012','France',1337,84300.00),(173,'Cambridge Collectables Co.','6175555555','Cambridge','MA','51247','USA',1188,43400.00),(175,'Gift Depot Inc.','2035552570','Bridgewater','CT','97562','USA',1323,84300.00),(177,'Osaka Souveniers Co.','+81 06 6342 5555','Kita-ku','Osaka',' 530-0003','Japan',1621,81200.00),(181,'Vitachrome Inc.','2125551500','NYC','NY','10022','USA',1286,76400.00),(186,'Toys of Finland, Co.','90-224 8555','Helsinki',NULL,'21240','Finland',1501,96500.00),(187,'AV Stores, Co.','(171) 555-1555','Manchester',NULL,'EC2 5NT','UK',1501,136800.00),(189,'Clover Collections, Co.','+353 1862 1555','Dublin',NULL,'2','Ireland',1504,69400.00),(198,'Auto-Moto Classics Inc.','6175558428','Brickhaven','MA','58339','USA',1216,23000.00),(201,'UK Collectables, Ltd.','(171) 555-2282','Liverpool',NULL,'WX1 6LT','UK',1501,92700.00),(202,'Canadian Gift Exchange Network','(604) 555-3392','Vancouver','BC','V3F 2K1','Canada',1323,90300.00),(204,'Online Mini Collectables','6175557555','Brickhaven','MA','58339','USA',1188,68700.00),(205,'Toys4GrownUps.com','6265557265','Pasadena','CA','90003','USA',1166,90700.00),(206,'Asian Shopping Network, Co','+612 9411 1555','Singapore',NULL,'038988','Singapore',NULL,0.00),(209,'Mini Caravy','88.60.1555','Strasbourg',NULL,'67000','France',1370,53800.00),(211,'King Kong Collectables, Co.','+852 2251 1555','Central Hong Kong',NULL,NULL,'Hong Kong',1621,58600.00),(216,'Enaco Distributors','(93) 203 4555','Barcelona',NULL,'08022','Spain',1702,60300.00),(219,'Boards & Toys Co.','3105552373','Glendale','CA','92561','USA',1166,11000.00),(223,'Natürlich Autos','0372-555188','Cunewalde',NULL,'01307','Germany',NULL,0.00),(227,'Heintze Collectables','86 21 3555','Århus',NULL,'8200','Denmark',1401,120800.00),(233,'Québec Home Shopping Network','(514) 555-8054','Montréal','Québec','H1J 1C3','Canada',1286,48700.00),(237,'ANG Resellers','(91) 745 6555','Madrid',NULL,'28001','Spain',NULL,0.00),(239,'Collectable Mini Designs Co.','7605558146','San Diego','CA','91217','USA',1166,105000.00),(240,'giftsbymail.co.uk','(198) 555-8888','Cowes','Isle of Wight','PO31 7PJ','UK',1501,93900.00),(242,'Alpha Cognac','61.77.6555','Toulouse',NULL,'31000','France',1370,61100.00),(247,'Messner Shopping Network','069-0555984','Frankfurt',NULL,'60528','Germany',NULL,0.00),(249,'Amica Models & Co.','011-4988555','Torino',NULL,'10100','Italy',1401,113000.00),(250,'Lyon Souveniers','+33 1 46 62 7555','Paris',NULL,'75508','France',1337,68100.00),(256,'Auto Associés & Cie.','30.59.8555','Versailles',NULL,'78000','France',1370,77900.00),(259,'Toms Spezialitäten, Ltd','0221-5554327','Köln',NULL,'50739','Germany',1504,120400.00),(260,'Royal Canadian Collectables, Ltd.','(604) 555-4555','Tsawassen','BC','T2F 8M4','Canada',1323,89600.00),(273,'Franken Gifts, Co','089-0877555','München',NULL,'80805','Germany',NULL,0.00),(276,'Anna\'s Decorations, Ltd','02 9936 8555','North Sydney','NSW','2060','Australia',1611,107800.00),(278,'Rovelli Gifts','035-640555','Bergamo',NULL,'24100','Italy',1401,119600.00),(282,'Souveniers And Things Co.','+61 2 9495 8555','Chatswood','NSW','2067','Australia',1611,93300.00),(286,'Marta\'s Replicas Co.','6175558555','Cambridge','MA','51247','USA',1216,123700.00),(293,'BG&E Collectables','+41 26 425 50 01','Fribourg',NULL,'1700','Switzerland',NULL,0.00),(298,'Vida Sport, Ltd','0897-034555','Genève',NULL,'1203','Switzerland',1702,141300.00),(299,'Norway Gifts By Mail, Co.','+47 2212 1555','Oslo',NULL,'N 0106','Norway  ',1504,95100.00),(303,'Schuyler Imports','+31 20 491 9555','Amsterdam',NULL,'1043 GR','Netherlands',NULL,0.00),(307,'Der Hund Imports','030-0074555','Berlin',NULL,'12209','Germany',NULL,0.00),(311,'Oulu Toy Supplies, Inc.','981-443655','Oulu',NULL,'90110','Finland',1501,90500.00),(314,'Petit Auto','(02) 5554 67','Bruxelles',NULL,'B-1180','Belgium',1401,79900.00),(319,'Mini Classics','9145554562','White Plains','NY','24067','USA',1323,102700.00),(320,'Mini Creations Ltd.','5085559555','New Bedford','MA','50553','USA',1188,94500.00),(321,'Corporate Gift Ideas Co.','6505551386','San Francisco','CA','94217','USA',1165,105000.00),(323,'Down Under Souveniers, Inc','+64 9 312 5555','Auckland  ',NULL,NULL,'New Zealand',1612,88000.00),(324,'Stylish Desk Decors, Co.','(171) 555-0297','London',NULL,'WX3 6FW','UK',1501,77000.00),(328,'Tekni Collectables Inc.','2015559350','Newark','NJ','94019','USA',1323,43000.00),(333,'Australian Gift Network, Co','61-7-3844-6555','South Brisbane','Queensland','4101','Australia',1611,51600.00),(334,'Suominen Souveniers','+358 9 8045 555','Espoo',NULL,'FIN-02271','Finland',1501,98800.00),(335,'Cramer Spezialitäten, Ltd','0555-09555','Brandenburg',NULL,'14776','Germany',NULL,0.00),(339,'Classic Gift Ideas, Inc','2155554695','Philadelphia','PA','71270','USA',1188,81100.00),(344,'CAF Imports','+34 913 728 555','Madrid',NULL,'28023','Spain',1702,59600.00),(347,'Men \'R\' US Retailers, Ltd.','2155554369','Los Angeles','CA','91003','USA',1166,57700.00),(348,'Asian Treasures, Inc.','2967 555','Cork','Co. Cork',NULL,'Ireland',NULL,0.00),(350,'Marseille Mini Autos','91.24.4555','Marseille',NULL,'13008','France',1337,65000.00),(353,'Reims Collectables','26.47.1555','Reims',NULL,'51100','France',1337,81100.00),(356,'SAR Distributors, Co','+27 21 550 3555','Hatfield','Pretoria','0028','South Africa',NULL,0.00),(357,'GiftsForHim.com','64-9-3763555','Auckland',NULL,NULL,'New Zealand',1612,77700.00),(361,'Kommission Auto','0251-555259','Münster',NULL,'44087','Germany',NULL,0.00),(362,'Gifts4AllAges.com','6175559555','Boston','MA','51003','USA',1216,41900.00),(363,'Online Diecast Creations Co.','6035558647','Nashua','NH','62005','USA',1216,114200.00),(369,'Lisboa Souveniers, Inc','(1) 354-2555','Lisboa',NULL,'1675','Portugal',NULL,0.00),(376,'Precious Collectables','0452-076555','Bern',NULL,'3012','Switzerland',1702,0.00),(379,'Collectables For Less Inc.','6175558555','Brickhaven','MA','58339','USA',1188,70700.00),(381,'Royale Belge','(071) 23 67 2555','Charleroi',NULL,'B-6000','Belgium',1401,23500.00),(382,'Salzburg Collectables','6562-9555','Salzburg',NULL,'5020','Austria',1401,71700.00),(385,'Cruz & Sons Co.','+63 2 555 3587','Makati City',NULL,'1227 MM','Philippines',1621,81500.00),(386,'L\'ordine Souveniers','0522-556555','Reggio Emilia',NULL,'42100','Italy',1401,121400.00),(398,'Tokyo Collectables, Ltd','+81 3 3584 0555','Minato-ku','Tokyo','106-0032','Japan',1621,94400.00),(406,'Auto Canal+ Petit','(1) 47.55.6555','Paris',NULL,'75016','France',1337,95000.00),(409,'Stuttgart Collectable Exchange','0711-555361','Stuttgart',NULL,'70563','Germany',NULL,0.00),(412,'Extreme Desk Decorations, Ltd','04 499 9555','Wellington',NULL,NULL,'New Zealand',1612,86800.00),(415,'Bavarian Collectables Imports, Co.',' +49 89 61 08 9555','Munich',NULL,'80686','Germany',1504,77000.00),(424,'Classic Legends Inc.','2125558493','NYC','NY','10022','USA',1286,67500.00),(443,'Feuer Online Stores, Inc','0342-555176','Leipzig',NULL,'04179','Germany',NULL,0.00),(447,'Gift Ideas Corp.','2035554407','Glendale','CT','97561','USA',1323,49700.00),(448,'Scandinavian Gift Ideas','0695-34 6555','Bräcke',NULL,'S-844 67','Sweden',1504,116400.00),(450,'The Sharp Gifts Warehouse','4085553659','San Jose','CA','94217','USA',1165,77600.00),(452,'Mini Auto Werke','7675-3555','Graz',NULL,'8010','Austria',1401,45300.00),(455,'Super Scale Inc.','2035559545','New Haven','CT','97823','USA',1286,95400.00),(456,'Microscale Inc.','2125551957','NYC','NY','10022','USA',1286,39800.00),(458,'Corrida Auto Replicas, Ltd','(91) 555 22 82','Madrid',NULL,'28023','Spain',1702,104600.00),(459,'Warburg Exchange','0241-039123','Aachen',NULL,'52066','Germany',NULL,0.00),(462,'FunGiftIdeas.com','5085552555','New Bedford','MA','50553','USA',1216,85800.00),(465,'Anton Designs, Ltd.','+34 913 728555','Madrid',NULL,'28023','Spain',NULL,0.00),(471,'Australian Collectables, Ltd','61-9-3844-6555','Glen Waverly','Victoria','3150','Australia',1611,60300.00),(473,'Frau da Collezione','+39 022515555','Milan',NULL,NULL,'Italy',1401,34800.00),(475,'West Coast Collectables Co.','3105553722','Burbank','CA','94019','USA',1166,55400.00),(477,'Mit Vergnügen & Co.','0621-08555','Mannheim',NULL,'68306','Germany',NULL,0.00),(480,'Kremlin Collectables, Co.','+7 812 293 0521','Saint Petersburg',NULL,'196143','Russia',NULL,0.00),(481,'Raanan Stores, Inc','+ 972 9 959 8555','Herzlia',NULL,'47625','Israel',NULL,0.00),(484,'Iberia Gift Imports, Corp.','(95) 555 82 82','Sevilla',NULL,'41101','Spain',1702,65700.00),(486,'Motor Mint Distributors Inc.','2155559857','Philadelphia','PA','71270','USA',1323,72600.00),(487,'Signal Collectibles Ltd.','4155554312','Brisbane','CA','94217','USA',1165,60300.00),(489,'Double Decker Gift Stores, Ltd','(171) 555-7555','London',NULL,'WA1 1DP','UK',1501,43300.00),(495,'Diecast Collectables','6175552555','Boston','MA','51003','USA',1188,85100.00),(496,'Kelly\'s Gift Shop','+64 9 5555500','Auckland  ',NULL,NULL,'New Zealand',1612,110000.00);
/*!40000 ALTER TABLE `customersa` ENABLE KEYS */;
UNLOCK TABLES;

--
-- Table structure for table `emp`
--

DROP TABLE IF EXISTS `emp`;
/*!40101 SET @saved_cs_client     = @@character_set_client */;
/*!50503 SET character_set_client = utf8mb4 */;
CREATE TABLE `emp` (
  `emp_id` int NOT NULL,
  `birth_date` date NOT NULL,
  `first_name` varchar(14) NOT NULL,
  `last_name` varchar(16) NOT NULL,
  `gender` enum('M','F') NOT NULL,
  `hire_date` date NOT NULL,
  `salary` float(8,2) DEFAULT '7850.00',
  `deptno` int DEFAULT NULL,
  UNIQUE KEY `uidx_pid` (`emp_id`)
) ENGINE=InnoDB DEFAULT CHARSET=utf8mb4 COLLATE=utf8mb4_0900_ai_ci;
/*!40101 SET character_set_client = @saved_cs_client */;

--
-- Dumping data for table `emp`
--

LOCK TABLES `emp` WRITE;
/*!40000 ALTER TABLE `emp` DISABLE KEYS */;
INSERT INTO `emp` VALUES (10001,'1953-09-02','Georgi','Facello','M','2020-02-23',7850.00,10),(10002,'1964-06-02','Bezalel','Simmel','F','2020-02-23',1756.50,30),(10003,'1959-12-03','Parto','Bamford','M','2020-02-23',7850.00,10),(10004,'1954-05-01','Chirstian','Koblick','M','2020-04-15',3475.00,40),(10005,'1955-01-21','Kyoichi','Maliniak','M','2019-12-27',1756.50,50),(10006,'1953-04-20','Anneke','Preusig','F','2020-02-23',7850.00,20),(10007,'1957-05-23','Tzvetan','Zielinski','F','2020-02-23',7850.00,10),(10008,'1958-02-19','Saniya','Kalloufi','M','1994-09-15',6759.00,40),(10009,'1952-04-19','Sumant','Peac','F','2020-02-23',7850.00,10),(10010,'1963-06-01','Duangkaew','Piveteau','F','2019-12-27',1375.00,50),(10011,'1953-11-07','Mary','Sluis','F','1990-01-22',6759.00,30),(10012,'1960-10-04','Patricio','Bridgland','M','1992-12-18',3475.00,40),(10013,'1963-06-07','Eberhardt','Terkki','M','2020-02-23',7850.00,10),(10014,'1956-02-12','Berni','Genin','M','2020-02-23',1756.50,30),(10015,'1959-08-19','Guoxiang','Nooteboom','M','2019-12-27',1375.00,50),(10016,'1961-05-02','Kazuhito','Cappelletti','M','1995-01-27',3475.00,40),(10017,'1958-07-06','Cristinel','Bouloucos','F','1993-08-03',6759.00,30),(10018,'1954-06-19','Kazuhide','Peha','F','2020-02-23',7850.00,20),(10019,'1953-01-23','Lillian','Haddadi','M','1999-04-30',7850.00,10),(10020,'1952-12-24','Mayuko','Warwick','M','1991-01-26',4300.00,50),(10021,'1960-02-20','Ramzi','Erde','M','2020-02-23',7850.00,10),(10022,'1952-07-08','Shahaf','Famili','M','1995-08-22',7850.00,20),(10023,'1953-09-29','Bojan','Montemayor','F','2020-02-23',1756.50,30),(10024,'1958-09-05','Suzette','Pettey','F','1997-05-19',3475.00,40),(10025,'1958-10-31','Prasadram','Heyers','M','2019-12-27',1375.00,50),(10026,'1953-04-03','Yongqiao','Berztiss','M','1995-03-20',6759.00,30),(10027,'1962-07-10','Divier','Reistad','F','2020-02-23',7850.00,10),(10028,'1963-11-26','Domenick','Tempesti','M','1991-10-22',3475.00,40),(10029,'1956-12-13','Otmar','Herbst','M','2020-02-23',1756.50,30),(10030,'1958-07-14','Elvis','Demeyer','M','1994-02-17',4300.00,50),(10031,'1959-01-27','Karsten','Joslin','M','1991-09-01',7850.00,10),(10032,'1960-08-09','Jeong','Reistad','F','1990-06-20',6759.00,40),(10033,'1956-11-14','Arif','Merlo','M','2020-02-23',7850.00,10),(10034,'1962-12-29','Bader','Swan','M','2020-02-23',7850.00,20),(10035,'1953-02-08','Alain','Chappelet','M','2019-12-27',1756.50,50),(10036,'1959-08-10','Adamantios','Portugali','M','1992-01-03',3475.00,40),(10037,'1963-07-22','Pradeep','Makrucki','M','1990-12-05',7850.00,10),(10038,'1960-07-20','Huan','Lortz','M','2020-02-23',1756.50,30),(10039,'1959-10-01','Alejandro','Brender','M','2020-02-23',7850.00,10),(10040,'1959-09-13','Weiyi','Meriste','F','1993-02-14',4300.00,50),(10041,'1959-08-27','Uri','Lenart','F','2020-02-23',1756.50,30),(10042,'1956-02-26','Magy','Stamatiou','F','1993-03-21',7850.00,20),(10043,'1960-09-19','Yishay','Tzvieli','M','1990-10-20',7850.00,10),(10044,'1961-09-21','Mingsen','Casley','F','1994-05-21',6759.00,40),(10045,'1957-08-14','Moss','Shanbhogue','M','2019-12-27',1375.00,50),(10046,'1960-07-23','Lucien','Rosenbaum','M','1992-06-20',7850.00,20),(10047,'1952-06-29','Zvonko','Nyanchama','M','2020-02-23',1756.50,30),(10048,'1963-07-11','Florian','Syrotiuk','M','2020-04-15',3475.00,40),(10049,'1961-04-24','Basil','Tramer','F','1992-05-04',7850.00,10),(10050,'1958-05-21','Yinghua','Dredge','M','1990-12-25',4300.00,50),(10051,'1953-07-28','Hidefumi','Caine','M','1992-10-15',7850.00,10),(10052,'1961-02-26','Heping','Nitsch','M','2020-04-15',3475.00,40),(10053,'1954-09-13','Sanjiv','Zschoche','F','2020-02-23',1756.50,30),(10054,'1957-04-04','Mayumi','Schueller','M','1995-03-13',7850.00,20),(10055,'1956-06-06','Georgy','Dredge','M','1992-04-27',4300.00,50),(10056,'1961-09-01','Brendon','Bernini','F','1990-02-01',6759.00,40),(10057,'1954-05-30','Ebbe','Callaway','F','1992-01-15',7850.00,10),(10058,'1954-10-01','Berhard','McFarlin','M','2020-02-23',7850.00,20),(10059,'1953-09-19','Alejandro','McAlpine','F','1991-06-26',6759.00,30),(10060,'1961-10-15','Breannda','Billingsley','M','2020-04-15',1375.00,50),(10061,'1962-10-19','Tse','Herber','M','2020-02-23',7850.00,10),(10062,'1961-11-02','Anoosh','Peyn','M','1991-08-30',6759.00,30),(10063,'1952-08-06','Gino','Leonhardt','F','2020-02-23',7850.00,10),(10064,'1959-04-07','Udi','Jansch','M','2020-04-15',3475.00,40),(10065,'1963-04-14','Satosi','Awdeh','M','2019-12-27',1756.50,50),(10066,'1952-11-13','Kwee','Schusler','M','2020-02-23',7850.00,20),(10067,'1953-01-07','Claudi','Stavenow','M','2020-02-23',7850.00,10),(10068,'1962-11-26','Charlene','Brattka','M','2020-04-15',1756.50,40),(10069,'1960-09-06','Margareta','Bierman','F','2020-02-23',7850.00,10),(10070,'1955-08-20','Reuven','Garigliano','M','2019-12-27',1375.00,50),(10071,'1958-01-21','Hisao','Lipner','M','2020-02-23',1756.50,30),(10072,'1952-05-15','Hironoby','Sidou','F','2020-04-15',3475.00,40),(10073,'1954-02-23','Shir','McClurg','M','1991-12-01',7850.00,10),(10074,'1955-08-28','Mokhtar','Bernatsky','F','1990-08-13',6759.00,30),(10075,'1960-03-09','Gao','Dolinsky','F','2019-12-27',1375.00,50),(10076,'1952-06-13','Erez','Ritzmann','F','2020-04-15',3475.00,40),(10077,'1964-04-18','Mona','Azuma','M','1990-03-02',6759.00,30),(10078,'1959-12-25','Danel','Mondadori','F','2020-02-23',7850.00,20),(10079,'1961-10-05','Kshitij','Gils','F','2020-02-23',7850.00,10),(10080,'1957-12-03','Premal','Baek','M','2020-04-15',1756.50,50),(10081,'1960-12-17','Zhongwei','Rosen','M','2020-02-23',7850.00,10),(10082,'1963-09-09','Parviz','Lortz','M','1990-01-03',7850.00,20),(10083,'1959-07-23','Vishv','Zockler','M','2020-02-23',1756.50,30),(10084,'1960-05-25','Tuval','Kalloufi','M','1995-12-15',3475.00,40),(10085,'1962-11-07','Kenroku','Malabarba','M','1994-04-09',4300.00,50),(10086,'1962-11-19','Somnath','Foote','M','1990-02-16',6759.00,30),(10087,'1959-07-23','Xinglin','Eugenio','F','2020-02-23',7850.00,10),(10088,'1954-02-25','Jungsoon','Syrzycki','F','2020-04-15',3475.00,40),(10089,'1963-03-21','Sudharsan','Flasterstein','F','2020-02-23',1756.50,30),(10090,'1961-05-30','Kendra','Hofting','M','2019-12-27',1375.00,50),(10091,'1955-10-04','Amabile','Gomatam','M','1992-11-18',7850.00,10),(10092,'1964-10-18','Valdiodio','Niizuma','F','2020-04-15',1756.50,40),(10093,'1964-06-11','Sailaja','Desikan','M','1996-11-05',7850.00,10),(10094,'1957-05-25','Arumugam','Ossenbruggen','F','2020-02-23',7850.00,20),(10095,'1965-01-03','Hilari','Morton','M','2019-12-27',1756.50,50),(10096,'1954-09-16','Jayson','Mandell','M','1990-01-14',3475.00,40),(10097,'1952-02-27','Remzi','Waschkowski','M','1990-09-15',7850.00,10),(10098,'1961-09-23','Sreekrishna','Servieres','F','2020-02-23',1756.50,30),(10099,'1956-05-25','Valter','Sullins','F','2020-02-23',7850.00,10),(10100,'1953-04-21','Hironobu','Haraldson','F','2020-04-15',1375.00,50);
/*!40000 ALTER TABLE `emp` ENABLE KEYS */;
UNLOCK TABLES;

--
-- Table structure for table `empa`
--

DROP TABLE IF EXISTS `empa`;
/*!40101 SET @saved_cs_client     = @@character_set_client */;
/*!50503 SET character_set_client = utf8mb4 */;
CREATE TABLE `empa` (
  `emp_no` int NOT NULL,
  `birth_date` date NOT NULL,
  `first_name` varchar(14) NOT NULL,
  `last_name` varchar(16) NOT NULL,
  `gender` enum('M','F') NOT NULL,
  `hire_date` date NOT NULL,
  `salary` float(8,2) DEFAULT '7850.00'
) ENGINE=InnoDB DEFAULT CHARSET=utf8mb4 COLLATE=utf8mb4_0900_ai_ci;
/*!40101 SET character_set_client = @saved_cs_client */;

--
-- Dumping data for table `empa`
--

LOCK TABLES `empa` WRITE;
/*!40000 ALTER TABLE `empa` DISABLE KEYS */;
INSERT INTO `empa` VALUES (10001,'1953-09-02','Georgi','Facello','M','2020-02-23',7850.00),(10002,'1964-06-02','Bezalel','Simmel','F','2020-02-23',1756.50),(10003,'1959-12-03','Parto','Bamford','M','2020-02-23',7850.00),(10004,'1954-05-01','Chirstian','Koblick','M','2020-04-15',3475.00),(10005,'1955-01-21','Kyoichi','Maliniak','M','2019-12-27',1756.50),(10006,'1953-04-20','Anneke','Preusig','F','2020-02-23',7850.00),(10007,'1957-05-23','Tzvetan','Zielinski','F','2020-02-23',7850.00),(10008,'1958-02-19','Saniya','Kalloufi','M','1994-09-15',6759.00),(10009,'1952-04-19','Sumant','Peac','F','2020-02-23',7850.00),(10010,'1963-06-01','Duangkaew','Piveteau','F','2019-12-27',1375.00),(10011,'1953-11-07','Mary','Sluis','F','1990-01-22',6759.00),(10012,'1960-10-04','Patricio','Bridgland','M','1992-12-18',3475.00),(10013,'1963-06-07','Eberhardt','Terkki','M','2020-02-23',7850.00),(10014,'1956-02-12','Berni','Genin','M','2020-02-23',1756.50),(10015,'1959-08-19','Guoxiang','Nooteboom','M','2019-12-27',1375.00),(10016,'1961-05-02','Kazuhito','Cappelletti','M','1995-01-27',3475.00),(10017,'1958-07-06','Cristinel','Bouloucos','F','1993-08-03',6759.00),(10018,'1954-06-19','Kazuhide','Peha','F','2020-02-23',7850.00),(10019,'1953-01-23','Lillian','Haddadi','M','1999-04-30',7850.00),(10020,'1952-12-24','Mayuko','Warwick','M','1991-01-26',4300.00),(10021,'1960-02-20','Ramzi','Erde','M','2020-02-23',7850.00),(10022,'1952-07-08','Shahaf','Famili','M','1995-08-22',7850.00),(10023,'1953-09-29','Bojan','Montemayor','F','2020-02-23',1756.50),(10024,'1958-09-05','Suzette','Pettey','F','1997-05-19',3475.00),(10025,'1958-10-31','Prasadram','Heyers','M','2019-12-27',1375.00),(10026,'1953-04-03','Yongqiao','Berztiss','M','1995-03-20',6759.00),(10027,'1962-07-10','Divier','Reistad','F','2020-02-23',7850.00),(10028,'1963-11-26','Domenick','Tempesti','M','1991-10-22',3475.00),(10029,'1956-12-13','Otmar','Herbst','M','2020-02-23',1756.50),(10030,'1958-07-14','Elvis','Demeyer','M','1994-02-17',4300.00),(10031,'1959-01-27','Karsten','Joslin','M','1991-09-01',7850.00),(10032,'1960-08-09','Jeong','Reistad','F','1990-06-20',6759.00),(10033,'1956-11-14','Arif','Merlo','M','2020-02-23',7850.00),(10034,'1962-12-29','Bader','Swan','M','2020-02-23',7850.00),(10035,'1953-02-08','Alain','Chappelet','M','2019-12-27',1756.50),(10036,'1959-08-10','Adamantios','Portugali','M','1992-01-03',3475.00),(10037,'1963-07-22','Pradeep','Makrucki','M','1990-12-05',7850.00),(10038,'1960-07-20','Huan','Lortz','M','2020-02-23',1756.50),(10039,'1959-10-01','Alejandro','Brender','M','2020-02-23',7850.00),(10040,'1959-09-13','Weiyi','Meriste','F','1993-02-14',4300.00),(10041,'1959-08-27','Uri','Lenart','F','2020-02-23',1756.50),(10042,'1956-02-26','Magy','Stamatiou','F','1993-03-21',7850.00),(10043,'1960-09-19','Yishay','Tzvieli','M','1990-10-20',7850.00),(10044,'1961-09-21','Mingsen','Casley','F','1994-05-21',6759.00),(10045,'1957-08-14','Moss','Shanbhogue','M','2019-12-27',1375.00),(10046,'1960-07-23','Lucien','Rosenbaum','M','1992-06-20',7850.00),(10047,'1952-06-29','Zvonko','Nyanchama','M','2020-02-23',1756.50),(10048,'1963-07-11','Florian','Syrotiuk','M','2020-04-15',3475.00),(10049,'1961-04-24','Basil','Tramer','F','1992-05-04',7850.00),(10050,'1958-05-21','Yinghua','Dredge','M','1990-12-25',4300.00),(10051,'1953-07-28','Hidefumi','Caine','M','1992-10-15',7850.00),(10052,'1961-02-26','Heping','Nitsch','M','2020-04-15',3475.00),(10053,'1954-09-13','Sanjiv','Zschoche','F','2020-02-23',1756.50),(10054,'1957-04-04','Mayumi','Schueller','M','1995-03-13',7850.00),(10055,'1956-06-06','Georgy','Dredge','M','1992-04-27',4300.00),(10056,'1961-09-01','Brendon','Bernini','F','1990-02-01',6759.00),(10057,'1954-05-30','Ebbe','Callaway','F','1992-01-15',7850.00),(10058,'1954-10-01','Berhard','McFarlin','M','2020-02-23',7850.00),(10059,'1953-09-19','Alejandro','McAlpine','F','1991-06-26',6759.00),(10060,'1961-10-15','Breannda','Billingsley','M','2020-04-15',1375.00),(10061,'1962-10-19','Tse','Herber','M','2020-02-23',7850.00),(10062,'1961-11-02','Anoosh','Peyn','M','1991-08-30',6759.00),(10063,'1952-08-06','Gino','Leonhardt','F','2020-02-23',7850.00),(10064,'1959-04-07','Udi','Jansch','M','2020-04-15',3475.00),(10065,'1963-04-14','Satosi','Awdeh','M','2019-12-27',1756.50),(10066,'1952-11-13','Kwee','Schusler','M','2020-02-23',7850.00),(10067,'1953-01-07','Claudi','Stavenow','M','2020-02-23',7850.00),(10068,'1962-11-26','Charlene','Brattka','M','2020-04-15',1756.50),(10069,'1960-09-06','Margareta','Bierman','F','2020-02-23',7850.00),(10070,'1955-08-20','Reuven','Garigliano','M','2019-12-27',1375.00),(10071,'1958-01-21','Hisao','Lipner','M','2020-02-23',1756.50),(10072,'1952-05-15','Hironoby','Sidou','F','2020-04-15',3475.00),(10073,'1954-02-23','Shir','McClurg','M','1991-12-01',7850.00),(10074,'1955-08-28','Mokhtar','Bernatsky','F','1990-08-13',6759.00),(10075,'1960-03-09','Gao','Dolinsky','F','2019-12-27',1375.00),(10076,'1952-06-13','Erez','Ritzmann','F','2020-04-15',3475.00),(10077,'1964-04-18','Mona','Azuma','M','1990-03-02',6759.00),(10078,'1959-12-25','Danel','Mondadori','F','2020-02-23',7850.00),(10079,'1961-10-05','Kshitij','Gils','F','2020-02-23',7850.00),(10080,'1957-12-03','Premal','Baek','M','2020-04-15',1756.50),(10081,'1960-12-17','Zhongwei','Rosen','M','2020-02-23',7850.00),(10082,'1963-09-09','Parviz','Lortz','M','1990-01-03',7850.00),(10083,'1959-07-23','Vishv','Zockler','M','2020-02-23',1756.50),(10084,'1960-05-25','Tuval','Kalloufi','M','1995-12-15',3475.00),(10085,'1962-11-07','Kenroku','Malabarba','M','1994-04-09',4300.00),(10086,'1962-11-19','Somnath','Foote','M','1990-02-16',6759.00),(10087,'1959-07-23','Xinglin','Eugenio','F','2020-02-23',7850.00),(10088,'1954-02-25','Jungsoon','Syrzycki','F','2020-04-15',3475.00),(10089,'1963-03-21','Sudharsan','Flasterstein','F','2020-02-23',1756.50),(10090,'1961-05-30','Kendra','Hofting','M','2019-12-27',1375.00),(10091,'1955-10-04','Amabile','Gomatam','M','1992-11-18',7850.00),(10092,'1964-10-18','Valdiodio','Niizuma','F','2020-04-15',1756.50),(10093,'1964-06-11','Sailaja','Desikan','M','1996-11-05',7850.00),(10094,'1957-05-25','Arumugam','Ossenbruggen','F','2020-02-23',7850.00),(10095,'1965-01-03','Hilari','Morton','M','2019-12-27',1756.50),(10096,'1954-09-16','Jayson','Mandell','M','1990-01-14',3475.00),(10097,'1952-02-27','Remzi','Waschkowski','M','1990-09-15',7850.00),(10098,'1961-09-23','Sreekrishna','Servieres','F','2020-02-23',1756.50),(10099,'1956-05-25','Valter','Sullins','F','2020-02-23',7850.00),(10100,'1953-04-21','Hironobu','Haraldson','F','2020-04-15',1375.00);
/*!40000 ALTER TABLE `empa` ENABLE KEYS */;
UNLOCK TABLES;

--
-- Table structure for table `employee`
--

DROP TABLE IF EXISTS `employee`;
/*!40101 SET @saved_cs_client     = @@character_set_client */;
/*!50503 SET character_set_client = utf8mb4 */;
CREATE TABLE `employee` (
  `empid` int DEFAULT NULL,
  `fname` varchar(30) DEFAULT NULL,
  `lname` varchar(30) DEFAULT NULL,
  `deptno` tinyint DEFAULT NULL,
  `salary` decimal(10,2) DEFAULT NULL
) ENGINE=InnoDB DEFAULT CHARSET=utf8mb4 COLLATE=utf8mb4_0900_ai_ci;
/*!40101 SET character_set_client = @saved_cs_client */;

--
-- Dumping data for table `employee`
--

LOCK TABLES `employee` WRITE;
/*!40000 ALTER TABLE `employee` DISABLE KEYS */;
INSERT INTO `employee` VALUES (100,'Jon','Hamm',10,2000.00),(200,'Tom','Cruise',10,3000.00),(300,'Hugh','Laurie',20,7500.00),(400,'Tom','Hanks',30,750.00),(500,'Johnny','Depp',20,1300.00),(600,'Hugh','Grant',30,850.00),(700,'Ben','Affleck',30,75.00),(800,'George','Clooney',10,10000.00),(900,'Henry',NULL,10,3000.00),(1000,'Gregory','House',20,3500.00),(1100,'Jean','Hackman',10,2700.00);
/*!40000 ALTER TABLE `employee` ENABLE KEYS */;
UNLOCK TABLES;

--
-- Table structure for table `favauthors`
--

DROP TABLE IF EXISTS `favauthors`;
/*!40101 SET @saved_cs_client     = @@character_set_client */;
/*!50503 SET character_set_client = utf8mb4 */;
CREATE TABLE `favauthors` (
  `authorid` int DEFAULT NULL,
  `name` varchar(30) DEFAULT NULL
) ENGINE=InnoDB DEFAULT CHARSET=utf8mb4 COLLATE=utf8mb4_0900_ai_ci;
/*!40101 SET character_set_client = @saved_cs_client */;

--
-- Dumping data for table `favauthors`
--

LOCK TABLES `favauthors` WRITE;
/*!40000 ALTER TABLE `favauthors` DISABLE KEYS */;
INSERT INTO `favauthors` VALUES (1,'jk rowling'),(2,'thomas hardy'),(3,'oscar wilde'),(4,'sidney sheldon'),(5,'Alistair McNeal'),(6,'jane austean'),(7,'stepen king'),(8,'guliver traveller'),(9,'chetan bhagat');
/*!40000 ALTER TABLE `favauthors` ENABLE KEYS */;
UNLOCK TABLES;

--
-- Table structure for table `favbooks`
--

DROP TABLE IF EXISTS `favbooks`;
/*!40101 SET @saved_cs_client     = @@character_set_client */;
/*!50503 SET character_set_client = utf8mb4 */;
CREATE TABLE `favbooks` (
  `bookid` int DEFAULT NULL,
  `title` varchar(50) DEFAULT NULL,
  `authorid` int DEFAULT NULL
) ENGINE=InnoDB DEFAULT CHARSET=utf8mb4 COLLATE=utf8mb4_0900_ai_ci;
/*!40101 SET character_set_client = @saved_cs_client */;

--
-- Dumping data for table `favbooks`
--

LOCK TABLES `favbooks` WRITE;
/*!40000 ALTER TABLE `favbooks` DISABLE KEYS */;
INSERT INTO `favbooks` VALUES (1,'Harry Potter and the Philosopher\'s Stone',1),(2,'Harry Potter and the Chamber of Secrets',1),(3,'Harry Potter and the Half-Blood Prince',1),(4,'Harry Potter and the Goblet of Fire',1),(5,'Night Without End',5),(6,'Fear is the Key',5),(7,'Where Eagles Dare',5),(8,'Sense and Sensibility',6),(9,'Pride and Prejudice',6),(10,'Emma',6);
/*!40000 ALTER TABLE `favbooks` ENABLE KEYS */;
UNLOCK TABLES;

--
-- Table structure for table `movies`
--

DROP TABLE IF EXISTS `movies`;
/*!40101 SET @saved_cs_client     = @@character_set_client */;
/*!50503 SET character_set_client = utf8mb4 */;
CREATE TABLE `movies` (
  `id` int DEFAULT NULL,
  `title` varchar(50) DEFAULT NULL,
  `category` varchar(25) DEFAULT NULL
) ENGINE=InnoDB DEFAULT CHARSET=utf8mb4 COLLATE=utf8mb4_0900_ai_ci;
/*!40101 SET character_set_client = @saved_cs_client */;

--
-- Dumping data for table `movies`
--

LOCK TABLES `movies` WRITE;
/*!40000 ALTER TABLE `movies` DISABLE KEYS */;
INSERT INTO `movies` VALUES (1,'ASSASSIN\'S CREED: EMBERS','Animations'),(2,'Real Steel','Animations'),(3,'Alvin and the Chipmunks','Animations'),(4,'The Adventures of Tin Tin','Animations'),(5,'Safe','Action'),(6,'Safe House','Action'),(7,'GIA','18+'),(8,'Deadline 2009','18+'),(9,'The Dirty Picture','18+'),(10,'Marley and me','Romance');
/*!40000 ALTER TABLE `movies` ENABLE KEYS */;
UNLOCK TABLES;

--
-- Table structure for table `orderdetails`
--

DROP TABLE IF EXISTS `orderdetails`;
/*!40101 SET @saved_cs_client     = @@character_set_client */;
/*!50503 SET character_set_client = utf8mb4 */;
CREATE TABLE `orderdetails` (
  `orderNumber` int NOT NULL,
  `productCode` varchar(15) NOT NULL,
  `quantityOrdered` int NOT NULL,
  `priceEach` decimal(10,2) NOT NULL,
  `orderLineNumber` smallint NOT NULL,
  PRIMARY KEY (`orderNumber`,`productCode`),
  KEY `productCode` (`productCode`),
  CONSTRAINT `orderdetails_ibfk_1` FOREIGN KEY (`orderNumber`) REFERENCES `ordersa` (`orderNumber`),
  CONSTRAINT `orderdetails_ibfk_2` FOREIGN KEY (`productCode`) REFERENCES `productsa` (`productCode`)
) ENGINE=InnoDB DEFAULT CHARSET=utf8mb4 COLLATE=utf8mb4_0900_ai_ci;
/*!40101 SET character_set_client = @saved_cs_client */;

--
-- Dumping data for table `orderdetails`
--

LOCK TABLES `orderdetails` WRITE;
/*!40000 ALTER TABLE `orderdetails` DISABLE KEYS */;
/*!40000 ALTER TABLE `orderdetails` ENABLE KEYS */;
UNLOCK TABLES;

--
-- Table structure for table `ordersa`
--

DROP TABLE IF EXISTS `ordersa`;
/*!40101 SET @saved_cs_client     = @@character_set_client */;
/*!50503 SET character_set_client = utf8mb4 */;
CREATE TABLE `ordersa` (
  `orderNumber` int NOT NULL,
  `orderDate` date NOT NULL,
  `requiredDate` date NOT NULL,
  `shippedDate` date DEFAULT NULL,
  `status` varchar(15) NOT NULL,
  `comments` text,
  `customerNumber` int NOT NULL,
  PRIMARY KEY (`orderNumber`),
  KEY `customerNumber` (`customerNumber`),
  CONSTRAINT `ordersa_ibfk_1` FOREIGN KEY (`customerNumber`) REFERENCES `customersa` (`customerNumber`)
) ENGINE=InnoDB DEFAULT CHARSET=utf8mb4 COLLATE=utf8mb4_0900_ai_ci;
/*!40101 SET character_set_client = @saved_cs_client */;

--
-- Dumping data for table `ordersa`
--

LOCK TABLES `ordersa` WRITE;
/*!40000 ALTER TABLE `ordersa` DISABLE KEYS */;
INSERT INTO `ordersa` VALUES (10100,'2003-01-06','2003-01-13','2003-01-10','Shipped',NULL,363),(10101,'2003-01-09','2003-01-18','2003-01-11','Shipped','Check on availability.',128),(10102,'2003-01-10','2003-01-18','2003-01-14','Shipped',NULL,181),(10103,'2003-01-29','2003-02-07','2003-02-02','Shipped',NULL,121),(10104,'2003-01-31','2003-02-09','2003-02-01','Shipped',NULL,141),(10105,'2003-02-11','2003-02-21','2003-02-12','Shipped',NULL,145),(10106,'2003-02-17','2003-02-24','2003-02-21','Shipped',NULL,278),(10107,'2003-02-24','2003-03-03','2003-02-26','Shipped','Difficult to negotiate with customer. We need more marketing materials',131),(10108,'2003-03-03','2003-03-12','2003-03-08','Shipped',NULL,385),(10109,'2003-03-10','2003-03-19','2003-03-11','Shipped','Customer requested that FedEx Ground is used for this shipping',486),(10110,'2003-03-18','2003-03-24','2003-03-20','Shipped',NULL,187),(10111,'2003-03-25','2003-03-31','2003-03-30','Shipped',NULL,129),(10112,'2003-03-24','2003-04-03','2003-03-29','Shipped','Customer requested that ad materials (such as posters, pamphlets) be included in the shippment',144),(10113,'2003-03-26','2003-04-02','2003-03-27','Shipped',NULL,124),(10114,'2003-04-01','2003-04-07','2003-04-02','Shipped',NULL,172),(10115,'2003-04-04','2003-04-12','2003-04-07','Shipped',NULL,424),(10116,'2003-04-11','2003-04-19','2003-04-13','Shipped',NULL,381),(10117,'2003-04-16','2003-04-24','2003-04-17','Shipped',NULL,148),(10118,'2003-04-21','2003-04-29','2003-04-26','Shipped','Customer has worked with some of our vendors in the past and is aware of their MSRP',216),(10119,'2003-04-28','2003-05-05','2003-05-02','Shipped',NULL,382),(10120,'2003-04-29','2003-05-08','2003-05-01','Shipped',NULL,114),(10121,'2003-05-07','2003-05-13','2003-05-13','Shipped',NULL,353),(10122,'2003-05-08','2003-05-16','2003-05-13','Shipped',NULL,350),(10123,'2003-05-20','2003-05-29','2003-05-22','Shipped',NULL,103),(10124,'2003-05-21','2003-05-29','2003-05-25','Shipped','Customer very concerned about the exact color of the models. There is high risk that he may dispute the order because there is a slight color mismatch',112),(10125,'2003-05-21','2003-05-27','2003-05-24','Shipped',NULL,114),(10126,'2003-05-28','2003-06-07','2003-06-02','Shipped',NULL,458),(10127,'2003-06-03','2003-06-09','2003-06-06','Shipped','Customer requested special shippment. The instructions were passed along to the warehouse',151),(10128,'2003-06-06','2003-06-12','2003-06-11','Shipped',NULL,141),(10129,'2003-06-12','2003-06-18','2003-06-14','Shipped',NULL,324),(10130,'2003-06-16','2003-06-24','2003-06-21','Shipped',NULL,198),(10131,'2003-06-16','2003-06-25','2003-06-21','Shipped',NULL,447),(10132,'2003-06-25','2003-07-01','2003-06-28','Shipped',NULL,323),(10133,'2003-06-27','2003-07-04','2003-07-03','Shipped',NULL,141),(10134,'2003-07-01','2003-07-10','2003-07-05','Shipped',NULL,250),(10135,'2003-07-02','2003-07-12','2003-07-03','Shipped',NULL,124),(10136,'2003-07-04','2003-07-14','2003-07-06','Shipped','Customer is interested in buying more Ferrari models',242),(10137,'2003-07-10','2003-07-20','2003-07-14','Shipped',NULL,353),(10138,'2003-07-07','2003-07-16','2003-07-13','Shipped',NULL,496),(10139,'2003-07-16','2003-07-23','2003-07-21','Shipped',NULL,282),(10140,'2003-07-24','2003-08-02','2003-07-30','Shipped',NULL,161),(10141,'2003-08-01','2003-08-09','2003-08-04','Shipped',NULL,334),(10142,'2003-08-08','2003-08-16','2003-08-13','Shipped',NULL,124),(10143,'2003-08-10','2003-08-18','2003-08-12','Shipped','Can we deliver the new Ford Mustang models by end-of-quarter?',320),(10144,'2003-08-13','2003-08-21','2003-08-14','Shipped',NULL,381),(10145,'2003-08-25','2003-09-02','2003-08-31','Shipped',NULL,205),(10146,'2003-09-03','2003-09-13','2003-09-06','Shipped',NULL,447),(10147,'2003-09-05','2003-09-12','2003-09-09','Shipped',NULL,379),(10148,'2003-09-11','2003-09-21','2003-09-15','Shipped','They want to reevaluate their terms agreement with Finance.',276),(10149,'2003-09-12','2003-09-18','2003-09-17','Shipped',NULL,487),(10150,'2003-09-19','2003-09-27','2003-09-21','Shipped','They want to reevaluate their terms agreement with Finance.',148),(10151,'2003-09-21','2003-09-30','2003-09-24','Shipped',NULL,311),(10152,'2003-09-25','2003-10-03','2003-10-01','Shipped',NULL,333),(10153,'2003-09-28','2003-10-05','2003-10-03','Shipped',NULL,141),(10154,'2003-10-02','2003-10-12','2003-10-08','Shipped',NULL,219),(10155,'2003-10-06','2003-10-13','2003-10-07','Shipped',NULL,186),(10156,'2003-10-08','2003-10-17','2003-10-11','Shipped',NULL,141),(10157,'2003-10-09','2003-10-15','2003-10-14','Shipped',NULL,473),(10158,'2003-10-10','2003-10-18','2003-10-15','Shipped',NULL,121),(10159,'2003-10-10','2003-10-19','2003-10-16','Shipped',NULL,321),(10160,'2003-10-11','2003-10-17','2003-10-17','Shipped',NULL,347),(10161,'2003-10-17','2003-10-25','2003-10-20','Shipped',NULL,227),(10162,'2003-10-18','2003-10-26','2003-10-19','Shipped',NULL,321),(10163,'2003-10-20','2003-10-27','2003-10-24','Shipped',NULL,424),(10164,'2003-10-21','2003-10-30','2003-10-23','Resolved','This order was disputed, but resolved on 11/1/2003; Customer doesn\'t like the colors and precision of the models.',452),(10165,'2003-10-22','2003-10-31','2003-12-26','Shipped','This order was on hold because customers\'s credit limit had been exceeded. Order will ship when payment is received',148),(10166,'2003-10-21','2003-10-30','2003-10-27','Shipped',NULL,462),(10167,'2003-10-23','2003-10-30',NULL,'Cancelled','Customer called to cancel. The warehouse was notified in time and the order didn\'t ship. They have a new VP of Sales and are shifting their sales model. Our VP of Sales should contact them.',448),(10168,'2003-10-28','2003-11-03','2003-11-01','Shipped',NULL,161),(10169,'2003-11-04','2003-11-14','2003-11-09','Shipped',NULL,276),(10170,'2003-11-04','2003-11-12','2003-11-07','Shipped',NULL,452),(10171,'2003-11-05','2003-11-13','2003-11-07','Shipped',NULL,233),(10172,'2003-11-05','2003-11-14','2003-11-11','Shipped',NULL,175),(10173,'2003-11-05','2003-11-15','2003-11-09','Shipped','Cautious optimism. We have happy customers here, if we can keep them well stocked.  I need all the information I can get on the planned shippments of Porches',278),(10174,'2003-11-06','2003-11-15','2003-11-10','Shipped',NULL,333),(10175,'2003-11-06','2003-11-14','2003-11-09','Shipped',NULL,324),(10176,'2003-11-06','2003-11-15','2003-11-12','Shipped',NULL,386),(10177,'2003-11-07','2003-11-17','2003-11-12','Shipped',NULL,344),(10178,'2003-11-08','2003-11-16','2003-11-10','Shipped','Custom shipping instructions sent to warehouse',242),(10179,'2003-11-11','2003-11-17','2003-11-13','Cancelled','Customer cancelled due to urgent budgeting issues. Must be cautious when dealing with them in the future. Since order shipped already we must discuss who would cover the shipping charges.',496),(10180,'2003-11-11','2003-11-19','2003-11-14','Shipped',NULL,171),(10181,'2003-11-12','2003-11-19','2003-11-15','Shipped',NULL,167),(10182,'2003-11-12','2003-11-21','2003-11-18','Shipped',NULL,124),(10183,'2003-11-13','2003-11-22','2003-11-15','Shipped','We need to keep in close contact with their Marketing VP. He is the decision maker for all their purchases.',339),(10184,'2003-11-14','2003-11-22','2003-11-20','Shipped',NULL,484),(10185,'2003-11-14','2003-11-21','2003-11-20','Shipped',NULL,320),(10186,'2003-11-14','2003-11-20','2003-11-18','Shipped','They want to reevaluate their terms agreement with the VP of Sales',489),(10187,'2003-11-15','2003-11-24','2003-11-16','Shipped',NULL,211),(10188,'2003-11-18','2003-11-26','2003-11-24','Shipped',NULL,167),(10189,'2003-11-18','2003-11-25','2003-11-24','Shipped','They want to reevaluate their terms agreement with Finance.',205),(10190,'2003-11-19','2003-11-29','2003-11-20','Shipped',NULL,141),(10191,'2003-11-20','2003-11-30','2003-11-24','Shipped','We must be cautions with this customer. Their VP of Sales resigned. Company may be heading down.',259),(10192,'2003-11-20','2003-11-29','2003-11-25','Shipped',NULL,363),(10193,'2003-11-21','2003-11-28','2003-11-27','Shipped',NULL,471),(10194,'2003-11-25','2003-12-02','2003-11-26','Shipped',NULL,146),(10195,'2003-11-25','2003-12-01','2003-11-28','Shipped',NULL,319),(10196,'2003-11-26','2003-12-03','2003-12-01','Shipped',NULL,455),(10197,'2003-11-26','2003-12-02','2003-12-01','Shipped','Customer inquired about remote controlled models and gold models.',216),(10198,'2003-11-27','2003-12-06','2003-12-03','Shipped',NULL,385),(10199,'2003-12-01','2003-12-10','2003-12-06','Shipped',NULL,475),(10200,'2003-12-01','2003-12-09','2003-12-06','Shipped',NULL,211),(10201,'2003-12-01','2003-12-11','2003-12-02','Shipped',NULL,129),(10202,'2003-12-02','2003-12-09','2003-12-06','Shipped',NULL,357),(10203,'2003-12-02','2003-12-11','2003-12-07','Shipped',NULL,141),(10204,'2003-12-02','2003-12-10','2003-12-04','Shipped',NULL,151),(10205,'2003-12-03','2003-12-09','2003-12-07','Shipped',' I need all the information I can get on our competitors.',141),(10206,'2003-12-05','2003-12-13','2003-12-08','Shipped','Can we renegotiate this one?',202),(10207,'2003-12-09','2003-12-17','2003-12-11','Shipped','Check on availability.',495),(10208,'2004-01-02','2004-01-11','2004-01-04','Shipped',NULL,146),(10209,'2004-01-09','2004-01-15','2004-01-12','Shipped',NULL,347),(10210,'2004-01-12','2004-01-22','2004-01-20','Shipped',NULL,177),(10211,'2004-01-15','2004-01-25','2004-01-18','Shipped',NULL,406),(10212,'2004-01-16','2004-01-24','2004-01-18','Shipped',NULL,141),(10213,'2004-01-22','2004-01-28','2004-01-27','Shipped','Difficult to negotiate with customer. We need more marketing materials',489),(10214,'2004-01-26','2004-02-04','2004-01-29','Shipped',NULL,458),(10215,'2004-01-29','2004-02-08','2004-02-01','Shipped','Customer requested that FedEx Ground is used for this shipping',475),(10216,'2004-02-02','2004-02-10','2004-02-04','Shipped',NULL,256),(10217,'2004-02-04','2004-02-14','2004-02-06','Shipped',NULL,166),(10218,'2004-02-09','2004-02-16','2004-02-11','Shipped','Customer requested that ad materials (such as posters, pamphlets) be included in the shippment',473),(10219,'2004-02-10','2004-02-17','2004-02-12','Shipped',NULL,487),(10220,'2004-02-12','2004-02-19','2004-02-16','Shipped',NULL,189),(10221,'2004-02-18','2004-02-26','2004-02-19','Shipped',NULL,314),(10222,'2004-02-19','2004-02-27','2004-02-20','Shipped',NULL,239),(10223,'2004-02-20','2004-02-29','2004-02-24','Shipped',NULL,114),(10224,'2004-02-21','2004-03-02','2004-02-26','Shipped','Customer has worked with some of our vendors in the past and is aware of their MSRP',171),(10225,'2004-02-22','2004-03-01','2004-02-24','Shipped',NULL,298),(10226,'2004-02-26','2004-03-06','2004-03-02','Shipped',NULL,239),(10227,'2004-03-02','2004-03-12','2004-03-08','Shipped',NULL,146),(10228,'2004-03-10','2004-03-18','2004-03-13','Shipped',NULL,173),(10229,'2004-03-11','2004-03-20','2004-03-12','Shipped',NULL,124),(10230,'2004-03-15','2004-03-24','2004-03-20','Shipped','Customer very concerned about the exact color of the models. There is high risk that he may dispute the order because there is a slight color mismatch',128),(10231,'2004-03-19','2004-03-26','2004-03-25','Shipped',NULL,344),(10232,'2004-03-20','2004-03-30','2004-03-25','Shipped',NULL,240),(10233,'2004-03-29','2004-04-04','2004-04-02','Shipped','Customer requested special shippment. The instructions were passed along to the warehouse',328),(10234,'2004-03-30','2004-04-05','2004-04-02','Shipped',NULL,412),(10235,'2004-04-02','2004-04-12','2004-04-06','Shipped',NULL,260),(10236,'2004-04-03','2004-04-11','2004-04-08','Shipped',NULL,486),(10237,'2004-04-05','2004-04-12','2004-04-10','Shipped',NULL,181),(10238,'2004-04-09','2004-04-16','2004-04-10','Shipped',NULL,145),(10239,'2004-04-12','2004-04-21','2004-04-17','Shipped',NULL,311),(10240,'2004-04-13','2004-04-20','2004-04-20','Shipped',NULL,177),(10241,'2004-04-13','2004-04-20','2004-04-19','Shipped',NULL,209),(10242,'2004-04-20','2004-04-28','2004-04-25','Shipped','Customer is interested in buying more Ferrari models',456),(10243,'2004-04-26','2004-05-03','2004-04-28','Shipped',NULL,495),(10244,'2004-04-29','2004-05-09','2004-05-04','Shipped',NULL,141),(10245,'2004-05-04','2004-05-12','2004-05-09','Shipped',NULL,455),(10246,'2004-05-05','2004-05-13','2004-05-06','Shipped',NULL,141),(10247,'2004-05-05','2004-05-11','2004-05-08','Shipped',NULL,334),(10248,'2004-05-07','2004-05-14',NULL,'Cancelled','Order was mistakenly placed. The warehouse noticed the lack of documentation.',131),(10249,'2004-05-08','2004-05-17','2004-05-11','Shipped','Can we deliver the new Ford Mustang models by end-of-quarter?',173),(10250,'2004-05-11','2004-05-19','2004-05-15','Shipped',NULL,450),(10251,'2004-05-18','2004-05-24','2004-05-24','Shipped',NULL,328),(10252,'2004-05-26','2004-06-04','2004-05-29','Shipped',NULL,406),(10253,'2004-06-01','2004-06-09','2004-06-02','Cancelled','Customer disputed the order and we agreed to cancel it. We must be more cautions with this customer going forward, since they are very hard to please. We must cover the shipping fees.',201),(10254,'2004-06-03','2004-06-13','2004-06-04','Shipped','Customer requested that DHL is used for this shipping',323),(10255,'2004-06-04','2004-06-12','2004-06-09','Shipped',NULL,209),(10256,'2004-06-08','2004-06-16','2004-06-10','Shipped',NULL,145),(10257,'2004-06-14','2004-06-24','2004-06-15','Shipped',NULL,450),(10258,'2004-06-15','2004-06-25','2004-06-23','Shipped',NULL,398),(10259,'2004-06-15','2004-06-22','2004-06-17','Shipped',NULL,166),(10260,'2004-06-16','2004-06-22',NULL,'Cancelled','Customer heard complaints from their customers and called to cancel this order. Will notify the Sales Manager.',357),(10261,'2004-06-17','2004-06-25','2004-06-22','Shipped',NULL,233),(10262,'2004-06-24','2004-07-01',NULL,'Cancelled','This customer found a better offer from one of our competitors. Will call back to renegotiate.',141),(10263,'2004-06-28','2004-07-04','2004-07-02','Shipped',NULL,175),(10264,'2004-06-30','2004-07-06','2004-07-01','Shipped','Customer will send a truck to our local warehouse on 7/1/2004',362),(10265,'2004-07-02','2004-07-09','2004-07-07','Shipped',NULL,471),(10266,'2004-07-06','2004-07-14','2004-07-10','Shipped',NULL,386),(10267,'2004-07-07','2004-07-17','2004-07-09','Shipped',NULL,151),(10268,'2004-07-12','2004-07-18','2004-07-14','Shipped',NULL,412),(10269,'2004-07-16','2004-07-22','2004-07-18','Shipped',NULL,382),(10270,'2004-07-19','2004-07-27','2004-07-24','Shipped','Can we renegotiate this one?',282),(10271,'2004-07-20','2004-07-29','2004-07-23','Shipped',NULL,124),(10272,'2004-07-20','2004-07-26','2004-07-22','Shipped',NULL,157),(10273,'2004-07-21','2004-07-28','2004-07-22','Shipped',NULL,314),(10274,'2004-07-21','2004-07-29','2004-07-22','Shipped',NULL,379),(10275,'2004-07-23','2004-08-02','2004-07-29','Shipped',NULL,119),(10276,'2004-08-02','2004-08-11','2004-08-08','Shipped',NULL,204),(10277,'2004-08-04','2004-08-12','2004-08-05','Shipped',NULL,148),(10278,'2004-08-06','2004-08-16','2004-08-09','Shipped',NULL,112),(10279,'2004-08-09','2004-08-19','2004-08-15','Shipped','Cautious optimism. We have happy customers here, if we can keep them well stocked.  I need all the information I can get on the planned shippments of Porches',141),(10280,'2004-08-17','2004-08-27','2004-08-19','Shipped',NULL,249),(10281,'2004-08-19','2004-08-28','2004-08-23','Shipped',NULL,157),(10282,'2004-08-20','2004-08-26','2004-08-22','Shipped',NULL,124),(10283,'2004-08-20','2004-08-30','2004-08-23','Shipped',NULL,260),(10284,'2004-08-21','2004-08-29','2004-08-26','Shipped','Custom shipping instructions sent to warehouse',299),(10285,'2004-08-27','2004-09-04','2004-08-31','Shipped',NULL,286),(10286,'2004-08-28','2004-09-06','2004-09-01','Shipped',NULL,172),(10287,'2004-08-30','2004-09-06','2004-09-01','Shipped',NULL,298),(10288,'2004-09-01','2004-09-11','2004-09-05','Shipped',NULL,166),(10289,'2004-09-03','2004-09-13','2004-09-04','Shipped','We need to keep in close contact with their Marketing VP. He is the decision maker for all their purchases.',167),(10290,'2004-09-07','2004-09-15','2004-09-13','Shipped',NULL,198),(10291,'2004-09-08','2004-09-17','2004-09-14','Shipped',NULL,448),(10292,'2004-09-08','2004-09-18','2004-09-11','Shipped','They want to reevaluate their terms agreement with Finance.',131),(10293,'2004-09-09','2004-09-18','2004-09-14','Shipped',NULL,249),(10294,'2004-09-10','2004-09-17','2004-09-14','Shipped',NULL,204),(10295,'2004-09-10','2004-09-17','2004-09-14','Shipped','They want to reevaluate their terms agreement with Finance.',362),(10296,'2004-09-15','2004-09-22','2004-09-16','Shipped',NULL,415),(10297,'2004-09-16','2004-09-22','2004-09-21','Shipped','We must be cautions with this customer. Their VP of Sales resigned. Company may be heading down.',189),(10298,'2004-09-27','2004-10-05','2004-10-01','Shipped',NULL,103),(10299,'2004-09-30','2004-10-10','2004-10-01','Shipped',NULL,186),(10300,'2003-10-04','2003-10-13','2003-10-09','Shipped',NULL,128),(10301,'2003-10-05','2003-10-15','2003-10-08','Shipped',NULL,299),(10302,'2003-10-06','2003-10-16','2003-10-07','Shipped',NULL,201),(10303,'2004-10-06','2004-10-14','2004-10-09','Shipped','Customer inquired about remote controlled models and gold models.',484),(10304,'2004-10-11','2004-10-20','2004-10-17','Shipped',NULL,256),(10305,'2004-10-13','2004-10-22','2004-10-15','Shipped','Check on availability.',286),(10306,'2004-10-14','2004-10-21','2004-10-17','Shipped',NULL,187),(10307,'2004-10-14','2004-10-23','2004-10-20','Shipped',NULL,339),(10308,'2004-10-15','2004-10-24','2004-10-20','Shipped','Customer requested that FedEx Ground is used for this shipping',319),(10309,'2004-10-15','2004-10-24','2004-10-18','Shipped',NULL,121),(10310,'2004-10-16','2004-10-24','2004-10-18','Shipped',NULL,259),(10311,'2004-10-16','2004-10-23','2004-10-20','Shipped','Difficult to negotiate with customer. We need more marketing materials',141),(10312,'2004-10-21','2004-10-27','2004-10-23','Shipped',NULL,124),(10313,'2004-10-22','2004-10-28','2004-10-25','Shipped','Customer requested that FedEx Ground is used for this shipping',202),(10314,'2004-10-22','2004-11-01','2004-10-23','Shipped',NULL,227),(10315,'2004-10-29','2004-11-08','2004-10-30','Shipped',NULL,119),(10316,'2004-11-01','2004-11-09','2004-11-07','Shipped','Customer requested that ad materials (such as posters, pamphlets) be included in the shippment',240),(10317,'2004-11-02','2004-11-12','2004-11-08','Shipped',NULL,161),(10318,'2004-11-02','2004-11-09','2004-11-07','Shipped',NULL,157),(10319,'2004-11-03','2004-11-11','2004-11-06','Shipped','Customer requested that DHL is used for this shipping',456),(10320,'2004-11-03','2004-11-13','2004-11-07','Shipped',NULL,144),(10321,'2004-11-04','2004-11-12','2004-11-07','Shipped',NULL,462),(10322,'2004-11-04','2004-11-12','2004-11-10','Shipped','Customer has worked with some of our vendors in the past and is aware of their MSRP',363),(10323,'2004-11-05','2004-11-12','2004-11-09','Shipped',NULL,128),(10324,'2004-11-05','2004-11-11','2004-11-08','Shipped',NULL,181),(10325,'2004-11-05','2004-11-13','2004-11-08','Shipped',NULL,121),(10326,'2004-11-09','2004-11-16','2004-11-10','Shipped',NULL,144),(10327,'2004-11-10','2004-11-19','2004-11-13','Resolved','Order was disputed and resolved on 12/1/04. The Sales Manager was involved. Customer claims the scales of the models don\'t match what was discussed.',145),(10328,'2004-11-12','2004-11-21','2004-11-18','Shipped','Customer very concerned about the exact color of the models. There is high risk that he may dispute the order because there is a slight color mismatch',278),(10329,'2004-11-15','2004-11-24','2004-11-16','Shipped',NULL,131),(10330,'2004-11-16','2004-11-25','2004-11-21','Shipped',NULL,385),(10331,'2004-11-17','2004-11-23','2004-11-23','Shipped','Customer requested special shippment. The instructions were passed along to the warehouse',486),(10332,'2004-11-17','2004-11-25','2004-11-18','Shipped',NULL,187),(10333,'2004-11-18','2004-11-27','2004-11-20','Shipped',NULL,129),(10334,'2004-11-19','2004-11-28',NULL,'On Hold','The outstaniding balance for this customer exceeds their credit limit. Order will be shipped when a payment is received.',144),(10335,'2004-11-19','2004-11-29','2004-11-23','Shipped',NULL,124),(10336,'2004-11-20','2004-11-26','2004-11-24','Shipped','Customer requested that DHL is used for this shipping',172),(10337,'2004-11-21','2004-11-30','2004-11-26','Shipped',NULL,424),(10338,'2004-11-22','2004-12-02','2004-11-27','Shipped',NULL,381),(10339,'2004-11-23','2004-11-30','2004-11-30','Shipped',NULL,398),(10340,'2004-11-24','2004-12-01','2004-11-25','Shipped','Customer is interested in buying more Ferrari models',216),(10341,'2004-11-24','2004-12-01','2004-11-29','Shipped',NULL,382),(10342,'2004-11-24','2004-12-01','2004-11-29','Shipped',NULL,114),(10343,'2004-11-24','2004-12-01','2004-11-26','Shipped',NULL,353),(10344,'2004-11-25','2004-12-02','2004-11-29','Shipped',NULL,350),(10345,'2004-11-25','2004-12-01','2004-11-26','Shipped',NULL,103),(10346,'2004-11-29','2004-12-05','2004-11-30','Shipped',NULL,112),(10347,'2004-11-29','2004-12-07','2004-11-30','Shipped','Can we deliver the new Ford Mustang models by end-of-quarter?',114),(10348,'2004-11-01','2004-11-08','2004-11-05','Shipped',NULL,458),(10349,'2004-12-01','2004-12-07','2004-12-03','Shipped',NULL,151),(10350,'2004-12-02','2004-12-08','2004-12-05','Shipped',NULL,141),(10351,'2004-12-03','2004-12-11','2004-12-07','Shipped',NULL,324),(10352,'2004-12-03','2004-12-12','2004-12-09','Shipped',NULL,198),(10353,'2004-12-04','2004-12-11','2004-12-05','Shipped',NULL,447),(10354,'2004-12-04','2004-12-10','2004-12-05','Shipped',NULL,323),(10355,'2004-12-07','2004-12-14','2004-12-13','Shipped',NULL,141),(10356,'2004-12-09','2004-12-15','2004-12-12','Shipped',NULL,250),(10357,'2004-12-10','2004-12-16','2004-12-14','Shipped',NULL,124),(10358,'2004-12-10','2004-12-16','2004-12-16','Shipped','Customer requested that DHL is used for this shipping',141),(10359,'2004-12-15','2004-12-23','2004-12-18','Shipped',NULL,353),(10360,'2004-12-16','2004-12-22','2004-12-18','Shipped',NULL,496),(10361,'2004-12-17','2004-12-24','2004-12-20','Shipped',NULL,282),(10362,'2005-01-05','2005-01-16','2005-01-10','Shipped',NULL,161),(10363,'2005-01-06','2005-01-12','2005-01-10','Shipped',NULL,334),(10364,'2005-01-06','2005-01-17','2005-01-09','Shipped',NULL,350),(10365,'2005-01-07','2005-01-18','2005-01-11','Shipped',NULL,320),(10366,'2005-01-10','2005-01-19','2005-01-12','Shipped',NULL,381),(10367,'2005-01-12','2005-01-21','2005-01-16','Resolved','This order was disputed and resolved on 2/1/2005. Customer claimed that container with shipment was damaged. FedEx\'s investigation proved this wrong.',205),(10368,'2005-01-19','2005-01-27','2005-01-24','Shipped','Can we renegotiate this one?',124),(10369,'2005-01-20','2005-01-28','2005-01-24','Shipped',NULL,379),(10370,'2005-01-20','2005-02-01','2005-01-25','Shipped',NULL,276),(10371,'2005-01-23','2005-02-03','2005-01-25','Shipped',NULL,124),(10372,'2005-01-26','2005-02-05','2005-01-28','Shipped',NULL,398),(10373,'2005-01-31','2005-02-08','2005-02-06','Shipped',NULL,311),(10374,'2005-02-02','2005-02-09','2005-02-03','Shipped',NULL,333),(10375,'2005-02-03','2005-02-10','2005-02-06','Shipped',NULL,119),(10376,'2005-02-08','2005-02-18','2005-02-13','Shipped',NULL,219),(10377,'2005-02-09','2005-02-21','2005-02-12','Shipped','Cautious optimism. We have happy customers here, if we can keep them well stocked.  I need all the information I can get on the planned shippments of Porches',186),(10378,'2005-02-10','2005-02-18','2005-02-11','Shipped',NULL,141),(10379,'2005-02-10','2005-02-18','2005-02-11','Shipped',NULL,141),(10380,'2005-02-16','2005-02-24','2005-02-18','Shipped',NULL,141),(10381,'2005-02-17','2005-02-25','2005-02-18','Shipped',NULL,321),(10382,'2005-02-17','2005-02-23','2005-02-18','Shipped','Custom shipping instructions sent to warehouse',124),(10383,'2005-02-22','2005-03-02','2005-02-25','Shipped',NULL,141),(10384,'2005-02-23','2005-03-06','2005-02-27','Shipped',NULL,321),(10385,'2005-02-28','2005-03-09','2005-03-01','Shipped',NULL,124),(10386,'2005-03-01','2005-03-09','2005-03-06','Resolved','Disputed then Resolved on 3/15/2005. Customer doesn\'t like the craftsmaship of the models.',141),(10387,'2005-03-02','2005-03-09','2005-03-06','Shipped','We need to keep in close contact with their Marketing VP. He is the decision maker for all their purchases.',148),(10388,'2005-03-03','2005-03-11','2005-03-09','Shipped',NULL,462),(10389,'2005-03-03','2005-03-09','2005-03-08','Shipped',NULL,448),(10390,'2005-03-04','2005-03-11','2005-03-07','Shipped','They want to reevaluate their terms agreement with Finance.',124),(10391,'2005-03-09','2005-03-20','2005-03-15','Shipped',NULL,276),(10392,'2005-03-10','2005-03-18','2005-03-12','Shipped',NULL,452),(10393,'2005-03-11','2005-03-22','2005-03-14','Shipped','They want to reevaluate their terms agreement with Finance.',323),(10394,'2005-03-15','2005-03-25','2005-03-19','Shipped',NULL,141),(10395,'2005-03-17','2005-03-24','2005-03-23','Shipped','We must be cautions with this customer. Their VP of Sales resigned. Company may be heading down.',250),(10396,'2005-03-23','2005-04-02','2005-03-28','Shipped',NULL,124),(10397,'2005-03-28','2005-04-09','2005-04-01','Shipped',NULL,242),(10398,'2005-03-30','2005-04-09','2005-03-31','Shipped',NULL,353),(10399,'2005-04-01','2005-04-12','2005-04-03','Shipped',NULL,496),(10400,'2005-04-01','2005-04-11','2005-04-04','Shipped','Customer requested that DHL is used for this shipping',450),(10401,'2005-04-03','2005-04-14',NULL,'On Hold','Customer credit limit exceeded. Will ship when a payment is received.',328),(10402,'2005-04-07','2005-04-14','2005-04-12','Shipped',NULL,406),(10403,'2005-04-08','2005-04-18','2005-04-11','Shipped',NULL,201),(10404,'2005-04-08','2005-04-14','2005-04-11','Shipped',NULL,323),(10405,'2005-04-14','2005-04-24','2005-04-20','Shipped',NULL,209),(10406,'2005-04-15','2005-04-25','2005-04-21','Disputed','Customer claims container with shipment was damaged during shipping and some items were missing. I am talking to FedEx about this.',145),(10407,'2005-04-22','2005-05-04',NULL,'On Hold','Customer credit limit exceeded. Will ship when a payment is received.',450),(10408,'2005-04-22','2005-04-29','2005-04-27','Shipped',NULL,398),(10409,'2005-04-23','2005-05-05','2005-04-24','Shipped',NULL,166),(10410,'2005-04-29','2005-05-10','2005-04-30','Shipped',NULL,357),(10411,'2005-05-01','2005-05-08','2005-05-06','Shipped',NULL,233),(10412,'2005-05-03','2005-05-13','2005-05-05','Shipped',NULL,141),(10413,'2005-05-05','2005-05-14','2005-05-09','Shipped','Customer requested that DHL is used for this shipping',175),(10414,'2005-05-06','2005-05-13',NULL,'On Hold','Customer credit limit exceeded. Will ship when a payment is received.',362),(10415,'2005-05-09','2005-05-20','2005-05-12','Disputed','Customer claims the scales of the models don\'t match what was discussed. I keep all the paperwork though to prove otherwise',471),(10416,'2005-05-10','2005-05-16','2005-05-14','Shipped',NULL,386),(10417,'2005-05-13','2005-05-19','2005-05-19','Disputed','Customer doesn\'t like the colors and precision of the models.',141),(10418,'2005-05-16','2005-05-24','2005-05-20','Shipped',NULL,412),(10419,'2005-05-17','2005-05-28','2005-05-19','Shipped',NULL,382),(10420,'2005-05-29','2005-06-07',NULL,'In Process',NULL,282),(10421,'2005-05-29','2005-06-06',NULL,'In Process','Custom shipping instructions were sent to warehouse',124),(10422,'2005-05-30','2005-06-11',NULL,'In Process',NULL,157),(10423,'2005-05-30','2005-06-05',NULL,'In Process',NULL,314),(10424,'2005-05-31','2005-06-08',NULL,'In Process',NULL,141),(10425,'2005-05-31','2005-06-07',NULL,'In Process',NULL,119);
/*!40000 ALTER TABLE `ordersa` ENABLE KEYS */;
UNLOCK TABLES;

--
-- Table structure for table `payments`
--

DROP TABLE IF EXISTS `payments`;
/*!40101 SET @saved_cs_client     = @@character_set_client */;
/*!50503 SET character_set_client = utf8mb4 */;
CREATE TABLE `payments` (
  `customerNumber` int NOT NULL,
  `checkNumber` varchar(50) NOT NULL,
  `paymentDate` date NOT NULL,
  `amount` decimal(10,2) NOT NULL,
  PRIMARY KEY (`customerNumber`,`checkNumber`),
  CONSTRAINT `payments_ibfk_1` FOREIGN KEY (`customerNumber`) REFERENCES `customersa` (`customerNumber`)
) ENGINE=InnoDB DEFAULT CHARSET=utf8mb4 COLLATE=utf8mb4_0900_ai_ci;
/*!40101 SET character_set_client = @saved_cs_client */;

--
-- Dumping data for table `payments`
--

LOCK TABLES `payments` WRITE;
/*!40000 ALTER TABLE `payments` DISABLE KEYS */;
INSERT INTO `payments` VALUES (103,'HQ336336','2004-10-19',6066.78),(103,'JM555205','2003-06-05',14571.44),(103,'OM314933','2004-12-18',1676.14),(112,'BO864823','2004-12-17',14191.12),(112,'HQ55022','2003-06-06',32641.98),(112,'ND748579','2004-08-20',33347.88),(114,'GG31455','2003-05-20',45864.03),(114,'MA765515','2004-12-15',82261.22),(114,'NP603840','2003-05-31',7565.08),(114,'NR27552','2004-03-10',44894.74),(119,'DB933704','2004-11-14',19501.82),(119,'LN373447','2004-08-08',47924.19),(119,'NG94694','2005-02-22',49523.67),(121,'DB889831','2003-02-16',50218.95),(121,'FD317790','2003-10-28',1491.38),(121,'KI831359','2004-11-04',17876.32),(121,'MA302151','2004-11-28',34638.14),(124,'AE215433','2005-03-05',101244.59),(124,'BG255406','2004-08-28',85410.87),(124,'CQ287967','2003-04-11',11044.30),(124,'ET64396','2005-04-16',83598.04),(124,'HI366474','2004-12-27',47142.70),(124,'HR86578','2004-11-02',55639.66),(124,'KI131716','2003-08-15',111654.40),(124,'LF217299','2004-03-26',43369.30),(124,'NT141748','2003-11-25',45084.38),(128,'DI925118','2003-01-28',10549.01),(128,'FA465482','2003-10-18',24101.81),(128,'FH668230','2004-03-24',33820.62),(128,'IP383901','2004-11-18',7466.32),(129,'DM826140','2004-12-08',26248.78),(129,'ID449593','2003-12-11',23923.93),(129,'PI42991','2003-04-09',16537.85),(131,'CL442705','2003-03-12',22292.62),(131,'MA724562','2004-12-02',50025.35),(131,'NB445135','2004-09-11',35321.97),(141,'AU364101','2003-07-19',36251.03),(141,'DB583216','2004-11-01',36140.38),(141,'DL460618','2005-05-19',46895.48),(141,'HJ32686','2004-01-30',59830.55),(141,'ID10962','2004-12-31',116208.40),(141,'IN446258','2005-03-25',65071.26),(141,'JE105477','2005-03-18',120166.58),(141,'JN355280','2003-10-26',49539.37),(141,'JN722010','2003-02-25',40206.20),(141,'KT52578','2003-12-09',63843.55),(141,'MC46946','2004-07-09',35420.74),(141,'MF629602','2004-08-16',20009.53),(141,'NU627706','2004-05-17',26155.91),(144,'IR846303','2004-12-12',36005.71),(144,'LA685678','2003-04-09',7674.94),(145,'CN328545','2004-07-03',4710.73),(145,'ED39322','2004-04-26',28211.70),(145,'HR182688','2004-12-01',20564.86),(145,'JJ246391','2003-02-20',53959.21),(146,'FP549817','2004-03-18',40978.53),(146,'FU793410','2004-01-16',49614.72),(146,'LJ160635','2003-12-10',39712.10),(148,'BI507030','2003-04-22',44380.15),(148,'DD635282','2004-08-11',2611.84),(148,'KM172879','2003-12-26',105743.00),(148,'ME497970','2005-03-27',3516.04),(151,'BF686658','2003-12-22',58793.53),(151,'GB852215','2004-07-26',20314.44),(151,'IP568906','2003-06-18',58841.35),(151,'KI884577','2004-12-14',39964.63),(157,'HI618861','2004-11-19',35152.12),(157,'NN711988','2004-09-07',63357.13),(161,'BR352384','2004-11-14',2434.25),(161,'BR478494','2003-11-18',50743.65),(161,'KG644125','2005-02-02',12692.19),(161,'NI908214','2003-08-05',38675.13),(166,'BQ327613','2004-09-16',38785.48),(166,'DC979307','2004-07-07',44160.92),(166,'LA318629','2004-02-28',22474.17),(167,'ED743615','2004-09-19',12538.01),(167,'GN228846','2003-12-03',85024.46),(171,'GB878038','2004-03-15',18997.89),(171,'IL104425','2003-11-22',42783.81),(172,'AD832091','2004-09-09',1960.80),(172,'CE51751','2004-12-04',51209.58),(172,'EH208589','2003-04-20',33383.14),(173,'GP545698','2004-05-13',11843.45),(173,'IG462397','2004-03-29',20355.24),(175,'CITI3434344','2005-05-19',28500.78),(175,'IO448913','2003-11-19',24879.08),(175,'PI15215','2004-07-10',42044.77),(177,'AU750837','2004-04-17',15183.63),(177,'CI381435','2004-01-19',47177.59),(181,'CM564612','2004-04-25',22602.36),(181,'GQ132144','2003-01-30',5494.78),(181,'OH367219','2004-11-16',44400.50),(186,'AE192287','2005-03-10',23602.90),(186,'AK412714','2003-10-27',37602.48),(186,'KA602407','2004-10-21',34341.08),(187,'AM968797','2004-11-03',52825.29),(187,'BQ39062','2004-12-08',47159.11),(187,'KL124726','2003-03-27',48425.69),(189,'BO711618','2004-10-03',17359.53),(189,'NM916675','2004-03-01',32538.74),(198,'FI192930','2004-12-06',9658.74),(198,'HQ920205','2003-07-06',6036.96),(198,'IS946883','2004-09-21',5858.56),(201,'DP677013','2003-10-20',23908.24),(201,'OO846801','2004-06-15',37258.94),(202,'HI358554','2003-12-18',36527.61),(202,'IQ627690','2004-11-08',33594.58),(204,'GC697638','2004-08-13',51152.86),(204,'IS150005','2004-09-24',4424.40),(205,'GL756480','2003-12-04',3879.96),(205,'LL562733','2003-09-05',50342.74),(205,'NM739638','2005-02-06',39580.60),(209,'BOAF82044','2005-05-03',35157.75),(209,'ED520529','2004-06-21',4632.31),(209,'PH785937','2004-05-04',36069.26),(211,'BJ535230','2003-12-09',45480.79),(216,'BG407567','2003-05-09',3101.40),(216,'ML780814','2004-12-06',24945.21),(216,'MM342086','2003-12-14',40473.86),(219,'BN17870','2005-03-02',3452.75),(219,'BR941480','2003-10-18',4465.85),(227,'MQ413968','2003-10-31',36164.46),(227,'NU21326','2004-11-02',53745.34),(233,'BOFA23232','2005-05-20',29070.38),(233,'II180006','2004-07-01',22997.45),(233,'JG981190','2003-11-18',16909.84),(239,'NQ865547','2004-03-15',80375.24),(240,'IF245157','2004-11-16',46788.14),(240,'JO719695','2004-03-28',24995.61),(242,'AF40894','2003-11-22',33818.34),(242,'HR224331','2005-06-03',12432.32),(242,'KI744716','2003-07-21',14232.70),(249,'IJ399820','2004-09-19',33924.24),(249,'NE404084','2004-09-04',48298.99),(250,'EQ12267','2005-05-17',17928.09),(250,'HD284647','2004-12-30',26311.63),(250,'HN114306','2003-07-18',23419.47),(256,'EP227123','2004-02-10',5759.42),(256,'HE84936','2004-10-22',53116.99),(259,'EU280955','2004-11-06',61234.67),(259,'GB361972','2003-12-07',27988.47),(260,'IO164641','2004-08-30',37527.58),(260,'NH776924','2004-04-24',29284.42),(276,'EM979878','2005-02-09',27083.78),(276,'KM841847','2003-11-13',38547.19),(276,'LE432182','2003-09-28',41554.73),(276,'OJ819725','2005-04-30',29848.52),(278,'BJ483870','2004-12-05',37654.09),(278,'GP636783','2003-03-02',52151.81),(278,'NI983021','2003-11-24',37723.79),(282,'IA793562','2003-08-03',24013.52),(282,'JT819493','2004-08-02',35806.73),(282,'OD327378','2005-01-03',31835.36),(286,'DR578578','2004-10-28',47411.33),(286,'KH910279','2004-09-05',43134.04),(298,'AJ574927','2004-03-13',47375.92),(298,'LF501133','2004-09-18',61402.00),(299,'AD304085','2003-10-24',36798.88),(299,'NR157385','2004-09-05',32260.16),(311,'DG336041','2005-02-15',46770.52),(311,'FA728475','2003-10-06',32723.04),(311,'NQ966143','2004-04-25',16212.59),(314,'LQ244073','2004-08-09',45352.47),(314,'MD809704','2004-03-03',16901.38),(319,'HL685576','2004-11-06',42339.76),(319,'OM548174','2003-12-07',36092.40),(320,'GJ597719','2005-01-18',8307.28),(320,'HO576374','2003-08-20',41016.75),(320,'MU817160','2003-11-24',52548.49),(321,'DJ15149','2003-11-03',85559.12),(321,'LA556321','2005-03-15',46781.66),(323,'AL493079','2005-05-23',75020.13),(323,'ES347491','2004-06-24',37281.36),(323,'HG738664','2003-07-05',2880.00),(323,'PQ803830','2004-12-24',39440.59),(324,'DQ409197','2004-12-13',13671.82),(324,'FP443161','2003-07-07',29429.14),(324,'HB150714','2003-11-23',37455.77),(328,'EN930356','2004-04-16',7178.66),(328,'NR631421','2004-05-30',31102.85),(333,'HL209210','2003-11-15',23936.53),(333,'JK479662','2003-10-17',9821.32),(333,'NF959653','2005-03-01',21432.31),(334,'CS435306','2005-01-27',45785.34),(334,'HH517378','2003-08-16',29716.86),(334,'LF737277','2004-05-22',28394.54),(339,'AP286625','2004-10-24',23333.06),(339,'DA98827','2003-11-28',34606.28),(344,'AF246722','2003-11-24',31428.21),(344,'NJ906924','2004-04-02',15322.93),(347,'DG700707','2004-01-18',21053.69),(347,'LG808674','2003-10-24',20452.50),(350,'BQ602907','2004-12-11',18888.31),(350,'CI471510','2003-05-25',50824.66),(350,'OB648482','2005-01-29',1834.56),(353,'CO351193','2005-01-10',49705.52),(353,'ED878227','2003-07-21',13920.26),(353,'GT878649','2003-05-21',16700.47),(353,'HJ618252','2005-06-09',46656.94),(357,'AG240323','2003-12-16',20220.04),(357,'NB291497','2004-05-15',36442.34),(362,'FP170292','2004-07-11',18473.71),(362,'OG208861','2004-09-21',15059.76),(363,'HL575273','2004-11-17',50799.69),(363,'IS232033','2003-01-16',10223.83),(363,'PN238558','2003-12-05',55425.77),(379,'CA762595','2005-02-12',28322.83),(379,'FR499138','2003-09-16',32680.31),(379,'GB890854','2004-08-02',12530.51),(381,'BC726082','2004-12-03',12081.52),(381,'CC475233','2003-04-19',1627.56),(381,'GB117430','2005-02-03',14379.90),(381,'MS154481','2003-08-22',1128.20),(382,'CC871084','2003-05-12',35826.33),(382,'CT821147','2004-08-01',6419.84),(382,'PH29054','2004-11-27',42813.83),(385,'BN347084','2003-12-02',20644.24),(385,'CP804873','2004-11-19',15822.84),(385,'EK785462','2003-03-09',51001.22),(386,'DO106109','2003-11-18',38524.29),(386,'HG438769','2004-07-18',51619.02),(398,'AJ478695','2005-02-14',33967.73),(398,'DO787644','2004-06-21',22037.91),(398,'JPMR4544','2005-05-18',615.45),(398,'KB54275','2004-11-29',48927.64),(406,'BJMPR4545','2005-04-23',12190.85),(406,'HJ217687','2004-01-28',49165.16),(406,'NA197101','2004-06-17',25080.96),(412,'GH197075','2004-07-25',35034.57),(412,'PJ434867','2004-04-14',31670.37),(415,'ER54537','2004-09-28',31310.09),(424,'KF480160','2004-12-07',25505.98),(424,'LM271923','2003-04-16',21665.98),(424,'OA595449','2003-10-31',22042.37),(447,'AO757239','2003-09-15',6631.36),(447,'ER615123','2003-06-25',17032.29),(447,'OU516561','2004-12-17',26304.13),(448,'FS299615','2005-04-18',27966.54),(448,'KR822727','2004-09-30',48809.90),(450,'EF485824','2004-06-21',59551.38),(452,'ED473873','2003-11-15',27121.90),(452,'FN640986','2003-11-20',15130.97),(452,'HG635467','2005-05-03',8807.12),(455,'HA777606','2003-12-05',38139.18),(455,'IR662429','2004-05-12',32239.47),(456,'GJ715659','2004-11-13',27550.51),(456,'MO743231','2004-04-30',1679.92),(458,'DD995006','2004-11-15',33145.56),(458,'NA377824','2004-02-06',22162.61),(458,'OO606861','2003-06-13',57131.92),(462,'ED203908','2005-04-15',30293.77),(462,'GC60330','2003-11-08',9977.85),(462,'PE176846','2004-11-27',48355.87),(471,'AB661578','2004-07-28',9415.13),(471,'CO645196','2003-12-10',35505.63),(473,'LL427009','2004-02-17',7612.06),(473,'PC688499','2003-10-27',17746.26),(475,'JP113227','2003-12-09',7678.25),(475,'PB951268','2004-02-13',36070.47),(484,'GK294076','2004-10-26',3474.66),(484,'JH546765','2003-11-29',47513.19),(486,'BL66528','2004-04-14',5899.38),(486,'HS86661','2004-11-23',45994.07),(486,'JB117768','2003-03-20',25833.14),(487,'AH612904','2003-09-28',29997.09),(487,'PT550181','2004-02-29',12573.28),(489,'OC773849','2003-12-04',22275.73),(489,'PO860906','2004-01-31',7310.42),(495,'BH167026','2003-12-26',59265.14),(495,'FN155234','2004-05-14',6276.60),(496,'EU531600','2005-05-25',30253.75),(496,'MB342426','2003-07-16',32077.44),(496,'MN89921','2004-12-31',52166.00);
/*!40000 ALTER TABLE `payments` ENABLE KEYS */;
UNLOCK TABLES;

--
-- Table structure for table `productlines`
--

DROP TABLE IF EXISTS `productlines`;
/*!40101 SET @saved_cs_client     = @@character_set_client */;
/*!50503 SET character_set_client = utf8mb4 */;
CREATE TABLE `productlines` (
  `productLine` varchar(50) NOT NULL,
  `textDescription` varchar(4000) DEFAULT NULL,
  PRIMARY KEY (`productLine`)
) ENGINE=InnoDB DEFAULT CHARSET=utf8mb4 COLLATE=utf8mb4_0900_ai_ci;
/*!40101 SET character_set_client = @saved_cs_client */;

--
-- Dumping data for table `productlines`
--

LOCK TABLES `productlines` WRITE;
/*!40000 ALTER TABLE `productlines` DISABLE KEYS */;
INSERT INTO `productlines` VALUES ('Classic Cars','Attention car enthusiasts: Make your wildest car ownership dreams come true. Whether you are looking for classic muscle cars, dream sports cars or movie-inspired miniatures, you will find great choices in this category. These replicas feature superb attention to detail and craftsmanship and offer features such as working steering system, opening forward compartment, opening rear trunk with removable spare wheel, 4-wheel independent spring suspension, and so on. The models range in size from 1:10 to 1:24 scale and include numerous limited edition and several out-of-production vehicles. All models include a certificate of authenticity from their manufacturers and come fully assembled and ready for display in the home or office.'),('Motorcycles','Our motorcycles are state of the art replicas of classic as well as contemporary motorcycle legends such as Harley Davidson, Ducati and Vespa. Models contain stunning details such as official logos, rotating wheels, working kickstand, front suspension, gear-shift lever, footbrake lever, and drive chain. Materials used include diecast and plastic. The models range in size from 1:10 to 1:50 scale and include numerous limited edition and several out-of-production vehicles. All models come fully assembled and ready for display in the home or office. Most include a certificate of authenticity.'),('Planes','Unique, diecast airplane and helicopter replicas suitable for collections, as well as home, office or classroom decorations. Models contain stunning details such as official logos and insignias, rotating jet engines and propellers, retractable wheels, and so on. Most come fully assembled and with a certificate of authenticity from their manufacturers.'),('Ships','The perfect holiday or anniversary gift for executives, clients, friends, and family. These handcrafted model ships are unique, stunning works of art that will be treasured for generations! They come fully assembled and ready for display in the home or office. We guarantee the highest quality, and best value.'),('Trains','Model trains are a rewarding hobby for enthusiasts of all ages. Whether you\'re looking for collectible wooden trains, electric streetcars or locomotives, you\'ll find a number of great choices for any budget within this category. The interactive aspect of trains makes toy trains perfect for young children. The wooden train sets are ideal for children under the age of 5.'),('Trucks and Buses','The Truck and Bus models are realistic replicas of buses and specialized trucks produced from the early 1920s to present. The models range in size from 1:12 to 1:50 scale and include numerous limited edition and several out-of-production vehicles. Materials used include tin, diecast and plastic. All models include a certificate of authenticity from their manufacturers and are a perfect ornament for the home and office.'),('Vintage Cars','Our Vintage Car models realistically portray automobiles produced from the early 1900s through the 1940s. Materials used include Bakelite, diecast, plastic and wood. Most of the replicas are in the 1:18 and 1:24 scale sizes, which provide the optimum in detail and accuracy. Prices range from $30.00 up to $180.00 for some special limited edition replicas. All models include a certificate of authenticity from their manufacturers and come fully assembled and ready for display in the home or office.');
/*!40000 ALTER TABLE `productlines` ENABLE KEYS */;
UNLOCK TABLES;

--
-- Table structure for table `products`
--

DROP TABLE IF EXISTS `products`;
/*!40101 SET @saved_cs_client     = @@character_set_client */;
/*!50503 SET character_set_client = utf8mb4 */;
CREATE TABLE `products` (
  `product_id` int NOT NULL AUTO_INCREMENT,
  `product_name` varchar(255) NOT NULL,
  `product_desccrp` varchar(200) DEFAULT NULL,
  `supplier_id` int DEFAULT NULL,
  PRIMARY KEY (`product_id`),
  UNIQUE KEY `product_name` (`product_name`),
  KEY `supplier_id` (`supplier_id`),
  CONSTRAINT `products_ibfk_1` FOREIGN KEY (`supplier_id`) REFERENCES `suppliers` (`supplier_id`)
) ENGINE=InnoDB AUTO_INCREMENT=4 DEFAULT CHARSET=utf8mb4 COLLATE=utf8mb4_0900_ai_ci;
/*!40101 SET character_set_client = @saved_cs_client */;

--
-- Dumping data for table `products`
--

LOCK TABLES `products` WRITE;
/*!40000 ALTER TABLE `products` DISABLE KEYS */;
INSERT INTO `products` VALUES (1,'TMC cylinder','Production',2),(2,'flush tester','flushing',13),(3,'booster','diaphram based',12);
/*!40000 ALTER TABLE `products` ENABLE KEYS */;
UNLOCK TABLES;

--
-- Table structure for table `productsa`
--

DROP TABLE IF EXISTS `productsa`;
/*!40101 SET @saved_cs_client     = @@character_set_client */;
/*!50503 SET character_set_client = utf8mb4 */;
CREATE TABLE `productsa` (
  `productCode` varchar(15) NOT NULL,
  `productName` varchar(70) NOT NULL,
  `productLine` varchar(50) NOT NULL,
  `productScale` varchar(10) NOT NULL,
  `productVendor` varchar(50) NOT NULL,
  `productDescription` text NOT NULL,
  `quantityInStock` smallint NOT NULL,
  `buyPrice` decimal(10,2) NOT NULL,
  `MSRP` decimal(10,2) NOT NULL,
  PRIMARY KEY (`productCode`),
  KEY `productLine` (`productLine`),
  CONSTRAINT `productsa_ibfk_1` FOREIGN KEY (`productLine`) REFERENCES `productlines` (`productLine`)
) ENGINE=InnoDB DEFAULT CHARSET=utf8mb4 COLLATE=utf8mb4_0900_ai_ci;
/*!40101 SET character_set_client = @saved_cs_client */;

--
-- Dumping data for table `productsa`
--

LOCK TABLES `productsa` WRITE;
/*!40000 ALTER TABLE `productsa` DISABLE KEYS */;
INSERT INTO `productsa` VALUES ('S10_1678','1969 Harley Davidson Ultimate Chopper','Motorcycles','1:10','Min Lin Diecast','This replica features working kickstand, front suspension, gear-shift lever, footbrake lever, drive chain, wheels and steering. All parts are particularly delicate due to their precise scale and require special care and attention.',7933,48.81,95.70),('S10_1949','1952 Alpine Renault 1300','Classic Cars','1:10','Classic Metal Creations','Turnable front wheels; steering function; detailed interior; detailed engine; opening hood; opening trunk; opening doors; and detailed chassis.',7305,98.58,214.30),('S10_2016','1996 Moto Guzzi 1100i','Motorcycles','1:10','Highway 66 Mini Classics','Official Moto Guzzi logos and insignias, saddle bags located on side of motorcycle, detailed engine, working steering, working suspension, two leather seats, luggage rack, dual exhaust pipes, small saddle bag located on handle bars, two-tone paint with chrome accents, superior die-cast detail , rotating wheels , working kick stand, diecast metal with plastic parts and baked enamel finish.',6625,68.99,118.94),('S10_4698','2003 Harley-Davidson Eagle Drag Bike','Motorcycles','1:10','Red Start Diecast','Model features, official Harley Davidson logos and insignias, detachable rear wheelie bar, heavy diecast metal with resin parts, authentic multi-color tampo-printed graphics, separate engine drive belts, free-turning front fork, rotating tires and rear racing slick, certificate of authenticity, detailed engine, display stand\r\n, precision diecast replica, baked enamel finish, 1:10 scale model, removable fender, seat and tank cover piece for displaying the superior detail of the v-twin engine',5582,91.02,193.66),('S10_4757','1972 Alfa Romeo GTA','Classic Cars','1:10','Motor City Art Classics','Features include: Turnable front wheels; steering function; detailed interior; detailed engine; opening hood; opening trunk; opening doors; and detailed chassis.',3252,85.68,136.00),('S10_4962','1962 LanciaA Delta 16V','Classic Cars','1:10','Second Gear Diecast','Features include: Turnable front wheels; steering function; detailed interior; detailed engine; opening hood; opening trunk; opening doors; and detailed chassis.',6791,103.42,147.74),('S12_1099','1968 Ford Mustang','Classic Cars','1:12','Autoart Studio Design','Hood, doors and trunk all open to reveal highly detailed interior features. Steering wheel actually turns the front wheels. Color dark green.',68,95.34,194.57),('S12_1108','2001 Ferrari Enzo','Classic Cars','1:12','Second Gear Diecast','Turnable front wheels; steering function; detailed interior; detailed engine; opening hood; opening trunk; opening doors; and detailed chassis.',3619,95.59,207.80),('S12_1666','1958 Setra Bus','Trucks and Buses','1:12','Welly Diecast Productions','Model features 30 windows, skylights & glare resistant glass, working steering system, original logos',1579,77.90,136.67),('S12_2823','2002 Suzuki XREO','Motorcycles','1:12','Unimax Art Galleries','Official logos and insignias, saddle bags located on side of motorcycle, detailed engine, working steering, working suspension, two leather seats, luggage rack, dual exhaust pipes, small saddle bag located on handle bars, two-tone paint with chrome accents, superior die-cast detail , rotating wheels , working kick stand, diecast metal with plastic parts and baked enamel finish.',9997,66.27,150.62),('S12_3148','1969 Corvair Monza','Classic Cars','1:18','Welly Diecast Productions','1:18 scale die-cast about 10\" long doors open, hood opens, trunk opens and wheels roll',6906,89.14,151.08),('S12_3380','1968 Dodge Charger','Classic Cars','1:12','Welly Diecast Productions','1:12 scale model of a 1968 Dodge Charger. Hood, doors and trunk all open to reveal highly detailed interior features. Steering wheel actually turns the front wheels. Color black',9123,75.16,117.44),('S12_3891','1969 Ford Falcon','Classic Cars','1:12','Second Gear Diecast','Turnable front wheels; steering function; detailed interior; detailed engine; opening hood; opening trunk; opening doors; and detailed chassis.',1049,83.05,173.02),('S12_3990','1970 Plymouth Hemi Cuda','Classic Cars','1:12','Studio M Art Models','Very detailed 1970 Plymouth Cuda model in 1:12 scale. The Cuda is generally accepted as one of the fastest original muscle cars from the 1970s. This model is a reproduction of one of the orginal 652 cars built in 1970. Red color.',5663,31.92,79.80),('S12_4473','1957 Chevy Pickup','Trucks and Buses','1:12','Exoto Designs','1:12 scale die-cast about 20\" long Hood opens, Rubber wheels',6125,55.70,118.50),('S12_4675','1969 Dodge Charger','Classic Cars','1:12','Welly Diecast Productions','Detailed model of the 1969 Dodge Charger. This model includes finely detailed interior and exterior features. Painted in red and white.',7323,58.73,115.16),('S18_1097','1940 Ford Pickup Truck','Trucks and Buses','1:18','Studio M Art Models','This model features soft rubber tires, working steering, rubber mud guards, authentic Ford logos, detailed undercarriage, opening doors and hood,  removable split rear gate, full size spare mounted in bed, detailed interior with opening glove box',2613,58.33,116.67),('S18_1129','1993 Mazda RX-7','Classic Cars','1:18','Highway 66 Mini Classics','This model features, opening hood, opening doors, detailed engine, rear spoiler, opening trunk, working steering, tinted windows, baked enamel finish. Color red.',3975,83.51,141.54),('S18_1342','1937 Lincoln Berline','Vintage Cars','1:18','Motor City Art Classics','Features opening engine cover, doors, trunk, and fuel filler cap. Color black',8693,60.62,102.74),('S18_1367','1936 Mercedes-Benz 500K Special Roadster','Vintage Cars','1:18','Studio M Art Models','This 1:18 scale replica is constructed of heavy die-cast metal and has all the features of the original: working doors and rumble seat, independent spring suspension, detailed interior, working steering system, and a bifold hood that reveals an engine so accurate that it even includes the wiring. All this is topped off with a baked enamel finish. Color white.',8635,24.26,53.91),('S18_1589','1965 Aston Martin DB5','Classic Cars','1:18','Classic Metal Creations','Die-cast model of the silver 1965 Aston Martin DB5 in silver. This model includes full wire wheels and doors that open with fully detailed passenger compartment. In 1:18 scale, this model measures approximately 10 inches/20 cm long.',9042,65.96,124.44),('S18_1662','1980s Black Hawk Helicopter','Planes','1:18','Red Start Diecast','1:18 scale replica of actual Army\'s UH-60L BLACK HAWK Helicopter. 100% hand-assembled. Features rotating rotor blades, propeller blades and rubber wheels.',5330,77.27,157.69),('S18_1749','1917 Grand Touring Sedan','Vintage Cars','1:18','Welly Diecast Productions','This 1:18 scale replica of the 1917 Grand Touring car has all the features you would expect from museum quality reproductions: all four doors and bi-fold hood opening, detailed engine and instrument panel, chrome-look trim, and tufted upholstery, all topped off with a factory baked-enamel finish.',2724,86.70,170.00),('S18_1889','1948 Porsche 356-A Roadster','Classic Cars','1:18','Gearbox Collectibles','This precision die-cast replica features opening doors, superb detail and craftsmanship, working steering system, opening forward compartment, opening rear trunk with removable spare, 4 wheel independent spring suspension as well as factory baked enamel finish.',8826,53.90,77.00),('S18_1984','1995 Honda Civic','Classic Cars','1:18','Min Lin Diecast','This model features, opening hood, opening doors, detailed engine, rear spoiler, opening trunk, working steering, tinted windows, baked enamel finish. Color yellow.',9772,93.89,142.25),('S18_2238','1998 Chrysler Plymouth Prowler','Classic Cars','1:18','Gearbox Collectibles','Turnable front wheels; steering function; detailed interior; detailed engine; opening hood; opening trunk; opening doors; and detailed chassis.',4724,101.51,163.73),('S18_2248','1911 Ford Town Car','Vintage Cars','1:18','Motor City Art Classics','Features opening hood, opening doors, opening trunk, wide white wall tires, front door arm rests, working steering system.',540,33.30,60.54),('S18_2319','1964 Mercedes Tour Bus','Trucks and Buses','1:18','Unimax Art Galleries','Exact replica. 100+ parts. working steering system, original logos',8258,74.86,122.73),('S18_2325','1932 Model A Ford J-Coupe','Vintage Cars','1:18','Autoart Studio Design','This model features grille-mounted chrome horn, lift-up louvered hood, fold-down rumble seat, working steering system, chrome-covered spare, opening doors, detailed and wired engine',9354,58.48,127.13),('S18_2432','1926 Ford Fire Engine','Trucks and Buses','1:18','Carousel DieCast Legends','Gleaming red handsome appearance. Everything is here the fire hoses, ladder, axes, bells, lanterns, ready to fight any inferno.',2018,24.92,60.77),('S18_2581','P-51-D Mustang','Planes','1:72','Gearbox Collectibles','Has retractable wheels and comes with a stand',992,49.00,84.48),('S18_2625','1936 Harley Davidson El Knucklehead','Motorcycles','1:18','Welly Diecast Productions','Intricately detailed with chrome accents and trim, official die-struck logos and baked enamel finish.',4357,24.23,60.57),('S18_2795','1928 Mercedes-Benz SSK','Vintage Cars','1:18','Gearbox Collectibles','This 1:18 replica features grille-mounted chrome horn, lift-up louvered hood, fold-down rumble seat, working steering system, chrome-covered spare, opening doors, detailed and wired engine. Color black.',548,72.56,168.75),('S18_2870','1999 Indy 500 Monte Carlo SS','Classic Cars','1:18','Red Start Diecast','Features include opening and closing doors. Color: Red',8164,56.76,132.00),('S18_2949','1913 Ford Model T Speedster','Vintage Cars','1:18','Carousel DieCast Legends','This 250 part reproduction includes moving handbrakes, clutch, throttle and foot pedals, squeezable horn, detailed wired engine, removable water, gas, and oil cans, pivoting monocle windshield, all topped with a baked enamel red finish. Each replica comes with an Owners Title and Certificate of Authenticity. Color red.',4189,60.78,101.31),('S18_2957','1934 Ford V8 Coupe','Vintage Cars','1:18','Min Lin Diecast','Chrome Trim, Chrome Grille, Opening Hood, Opening Doors, Opening Trunk, Detailed Engine, Working Steering System',5649,34.35,62.46),('S18_3029','1999 Yamaha Speed Boat','Ships','1:18','Min Lin Diecast','Exact replica. Wood and Metal. Many extras including rigging, long boats, pilot house, anchors, etc. Comes with three masts, all square-rigged.',4259,51.61,86.02),('S18_3136','18th Century Vintage Horse Carriage','Vintage Cars','1:18','Red Start Diecast','Hand crafted diecast-like metal horse carriage is re-created in about 1:18 scale of antique horse carriage. This antique style metal Stagecoach is all hand-assembled with many different parts.\r\n\r\nThis collectible metal horse carriage is painted in classic Red, and features turning steering wheel and is entirely hand-finished.',5992,60.74,104.72),('S18_3140','1903 Ford Model A','Vintage Cars','1:18','Unimax Art Galleries','Features opening trunk,  working steering system',3913,68.30,136.59),('S18_3232','1992 Ferrari 360 Spider red','Classic Cars','1:18','Unimax Art Galleries','his replica features opening doors, superb detail and craftsmanship, working steering system, opening forward compartment, opening rear trunk with removable spare, 4 wheel independent spring suspension as well as factory baked enamel finish.',8347,77.90,169.34),('S18_3233','1985 Toyota Supra','Classic Cars','1:18','Highway 66 Mini Classics','This model features soft rubber tires, working steering, rubber mud guards, authentic Ford logos, detailed undercarriage, opening doors and hood, removable split rear gate, full size spare mounted in bed, detailed interior with opening glove box',7733,57.01,107.57),('S18_3259','Collectable Wooden Train','Trains','1:18','Carousel DieCast Legends','Hand crafted wooden toy train set is in about 1:18 scale, 25 inches in total length including 2 additional carts, of actual vintage train. This antique style wooden toy train model set is all hand-assembled with 100% wood.',6450,67.56,100.84),('S18_3278','1969 Dodge Super Bee','Classic Cars','1:18','Min Lin Diecast','This replica features opening doors, superb detail and craftsmanship, working steering system, opening forward compartment, opening rear trunk with removable spare, 4 wheel independent spring suspension as well as factory baked enamel finish.',1917,49.05,80.41),('S18_3320','1917 Maxwell Touring Car','Vintage Cars','1:18','Exoto Designs','Features Gold Trim, Full Size Spare Tire, Chrome Trim, Chrome Grille, Opening Hood, Opening Doors, Opening Trunk, Detailed Engine, Working Steering System',7913,57.54,99.21),('S18_3482','1976 Ford Gran Torino','Classic Cars','1:18','Gearbox Collectibles','Highly detailed 1976 Ford Gran Torino \"Starsky and Hutch\" diecast model. Very well constructed and painted in red and white patterns.',9127,73.49,146.99),('S18_3685','1948 Porsche Type 356 Roadster','Classic Cars','1:18','Gearbox Collectibles','This model features working front and rear suspension on accurately replicated and actuating shock absorbers as well as opening engine cover, rear stabilizer flap,  and 4 opening doors.',8990,62.16,141.28),('S18_3782','1957 Vespa GS150','Motorcycles','1:18','Studio M Art Models','Features rotating wheels , working kick stand. Comes with stand.',7689,32.95,62.17),('S18_3856','1941 Chevrolet Special Deluxe Cabriolet','Vintage Cars','1:18','Exoto Designs','Features opening hood, opening doors, opening trunk, wide white wall tires, front door arm rests, working steering system, leather upholstery. Color black.',2378,64.58,105.87),('S18_4027','1970 Triumph Spitfire','Classic Cars','1:18','Min Lin Diecast','Features include opening and closing doors. Color: White.',5545,91.92,143.62),('S18_4409','1932 Alfa Romeo 8C2300 Spider Sport','Vintage Cars','1:18','Exoto Designs','This 1:18 scale precision die cast replica features the 6 front headlights of the original, plus a detailed version of the 142 horsepower straight 8 engine, dual spares and their famous comprehensive dashboard. Color black.',6553,43.26,92.03),('S18_4522','1904 Buick Runabout','Vintage Cars','1:18','Exoto Designs','Features opening trunk,  working steering system',8290,52.66,87.77),('S18_4600','1940s Ford truck','Trucks and Buses','1:18','Motor City Art Classics','This 1940s Ford Pick-Up truck is re-created in 1:18 scale of original 1940s Ford truck. This antique style metal 1940s Ford Flatbed truck is all hand-assembled. This collectible 1940\'s Pick-Up truck is painted in classic dark green color, and features rotating wheels.',3128,84.76,121.08),('S18_4668','1939 Cadillac Limousine','Vintage Cars','1:18','Studio M Art Models','Features completely detailed interior including Velvet flocked drapes,deluxe wood grain floor, and a wood grain casket with seperate chrome handles',6645,23.14,50.31),('S18_4721','1957 Corvette Convertible','Classic Cars','1:18','Classic Metal Creations','1957 die cast Corvette Convertible in Roman Red with white sides and whitewall tires. 1:18 scale quality die-cast with detailed engine and underbvody. Now you can own The Classic Corvette.',1249,69.93,148.80),('S18_4933','1957 Ford Thunderbird','Classic Cars','1:18','Studio M Art Models','This 1:18 scale precision die-cast replica, with its optional porthole hardtop and factory baked-enamel Thunderbird Bronze finish, is a 100% accurate rendition of this American classic.',3209,34.21,71.27),('S24_1046','1970 Chevy Chevelle SS 454','Classic Cars','1:24','Unimax Art Galleries','This model features rotating wheels, working streering system and opening doors. All parts are particularly delicate due to their precise scale and require special care and attention. It should not be picked up by the doors, roof, hood or trunk.',1005,49.24,73.49),('S24_1444','1970 Dodge Coronet','Classic Cars','1:24','Highway 66 Mini Classics','1:24 scale die-cast about 18\" long doors open, hood opens and rubber wheels',4074,32.37,57.80),('S24_1578','1997 BMW R 1100 S','Motorcycles','1:24','Autoart Studio Design','Detailed scale replica with working suspension and constructed from over 70 parts',7003,60.86,112.70),('S24_1628','1966 Shelby Cobra 427 S/C','Classic Cars','1:24','Carousel DieCast Legends','This diecast model of the 1966 Shelby Cobra 427 S/C includes many authentic details and operating parts. The 1:24 scale model of this iconic lighweight sports car from the 1960s comes in silver and it\'s own display case.',8197,29.18,50.31),('S24_1785','1928 British Royal Navy Airplane','Planes','1:24','Classic Metal Creations','Official logos and insignias',3627,66.74,109.42),('S24_1937','1939 Chevrolet Deluxe Coupe','Vintage Cars','1:24','Motor City Art Classics','This 1:24 scale die-cast replica of the 1939 Chevrolet Deluxe Coupe has the same classy look as the original. Features opening trunk, hood and doors and a showroom quality baked enamel finish.',7332,22.57,33.19),('S24_2000','1960 BSA Gold Star DBD34','Motorcycles','1:24','Highway 66 Mini Classics','Detailed scale replica with working suspension and constructed from over 70 parts',15,37.32,76.17),('S24_2011','18th century schooner','Ships','1:24','Carousel DieCast Legends','All wood with canvas sails. Many extras including rigging, long boats, pilot house, anchors, etc. Comes with 4 masts, all square-rigged.',1898,82.34,122.89),('S24_2022','1938 Cadillac V-16 Presidential Limousine','Vintage Cars','1:24','Classic Metal Creations','This 1:24 scale precision die cast replica of the 1938 Cadillac V-16 Presidential Limousine has all the details of the original, from the flags on the front to an opening back seat compartment complete with telephone and rifle. Features factory baked-enamel black finish, hood goddess ornament, working jump seats.',2847,20.61,44.80),('S24_2300','1962 Volkswagen Microbus','Trucks and Buses','1:24','Autoart Studio Design','This 1:18 scale die cast replica of the 1962 Microbus is loaded with features: A working steering system, opening front doors and tailgate, and famous two-tone factory baked enamel finish, are all topped of by the sliding, real fabric, sunroof.',2327,61.34,127.79),('S24_2360','1982 Ducati 900 Monster','Motorcycles','1:24','Highway 66 Mini Classics','Features two-tone paint with chrome accents, superior die-cast detail , rotating wheels , working kick stand',6840,47.10,69.26),('S24_2766','1949 Jaguar XK 120','Classic Cars','1:24','Classic Metal Creations','Precision-engineered from original Jaguar specification in perfect scale ratio. Features opening doors, superb detail and craftsmanship, working steering system, opening forward compartment, opening rear trunk with removable spare, 4 wheel independent spring suspension as well as factory baked enamel finish.',2350,47.25,90.87),('S24_2840','1958 Chevy Corvette Limited Edition','Classic Cars','1:24','Carousel DieCast Legends','The operating parts of this 1958 Chevy Corvette Limited Edition are particularly delicate due to their precise scale and require special care and attention. Features rotating wheels, working streering, opening doors and trunk. Color dark green.',2542,15.91,35.36),('S24_2841','1900s Vintage Bi-Plane','Planes','1:24','Autoart Studio Design','Hand crafted diecast-like metal bi-plane is re-created in about 1:24 scale of antique pioneer airplane. All hand-assembled with many different parts. Hand-painted in classic yellow and features correct markings of original airplane.',5942,34.25,68.51),('S24_2887','1952 Citroen-15CV','Classic Cars','1:24','Exoto Designs','Precision crafted hand-assembled 1:18 scale reproduction of the 1952 15CV, with its independent spring suspension, working steering system, opening doors and hood, detailed engine and instrument panel, all topped of with a factory fresh baked enamel finish.',1452,72.82,117.44),('S24_2972','1982 Lamborghini Diablo','Classic Cars','1:24','Second Gear Diecast','This replica features opening doors, superb detail and craftsmanship, working steering system, opening forward compartment, opening rear trunk with removable spare, 4 wheel independent spring suspension as well as factory baked enamel finish.',7723,16.24,37.76),('S24_3151','1912 Ford Model T Delivery Wagon','Vintage Cars','1:24','Min Lin Diecast','This model features chrome trim and grille, opening hood, opening doors, opening trunk, detailed engine, working steering system. Color white.',9173,46.91,88.51),('S24_3191','1969 Chevrolet Camaro Z28','Classic Cars','1:24','Exoto Designs','1969 Z/28 Chevy Camaro 1:24 scale replica. The operating parts of this limited edition 1:24 scale diecast model car 1969 Chevy Camaro Z28- hood, trunk, wheels, streering, suspension and doors- are particularly delicate due to their precise scale and require special care and attention.',4695,50.51,85.61),('S24_3371','1971 Alpine Renault 1600s','Classic Cars','1:24','Welly Diecast Productions','This 1971 Alpine Renault 1600s replica Features opening doors, superb detail and craftsmanship, working steering system, opening forward compartment, opening rear trunk with removable spare, 4 wheel independent spring suspension as well as factory baked enamel finish.',7995,38.58,61.23),('S24_3420','1937 Horch 930V Limousine','Vintage Cars','1:24','Autoart Studio Design','Features opening hood, opening doors, opening trunk, wide white wall tires, front door arm rests, working steering system',2902,26.30,65.75),('S24_3432','2002 Chevy Corvette','Classic Cars','1:24','Gearbox Collectibles','The operating parts of this limited edition Diecast 2002 Chevy Corvette 50th Anniversary Pace car Limited Edition are particularly delicate due to their precise scale and require special care and attention. Features rotating wheels, poseable streering, opening doors and trunk.',9446,62.11,107.08),('S24_3816','1940 Ford Delivery Sedan','Vintage Cars','1:24','Carousel DieCast Legends','Chrome Trim, Chrome Grille, Opening Hood, Opening Doors, Opening Trunk, Detailed Engine, Working Steering System. Color black.',6621,48.64,83.86),('S24_3856','1956 Porsche 356A Coupe','Classic Cars','1:18','Classic Metal Creations','Features include: Turnable front wheels; steering function; detailed interior; detailed engine; opening hood; opening trunk; opening doors; and detailed chassis.',6600,98.30,140.43),('S24_3949','Corsair F4U ( Bird Cage)','Planes','1:24','Second Gear Diecast','Has retractable wheels and comes with a stand. Official logos and insignias.',6812,29.34,68.24),('S24_3969','1936 Mercedes Benz 500k Roadster','Vintage Cars','1:24','Red Start Diecast','This model features grille-mounted chrome horn, lift-up louvered hood, fold-down rumble seat, working steering system and rubber wheels. Color black.',2081,21.75,41.03),('S24_4048','1992 Porsche Cayenne Turbo Silver','Classic Cars','1:24','Exoto Designs','This replica features opening doors, superb detail and craftsmanship, working steering system, opening forward compartment, opening rear trunk with removable spare, 4 wheel independent spring suspension as well as factory baked enamel finish.',6582,69.78,118.28),('S24_4258','1936 Chrysler Airflow','Vintage Cars','1:24','Second Gear Diecast','Features opening trunk,  working steering system. Color dark green.',4710,57.46,97.39),('S24_4278','1900s Vintage Tri-Plane','Planes','1:24','Unimax Art Galleries','Hand crafted diecast-like metal Triplane is Re-created in about 1:24 scale of antique pioneer airplane. This antique style metal triplane is all hand-assembled with many different parts.',2756,36.23,72.45),('S24_4620','1961 Chevrolet Impala','Classic Cars','1:18','Classic Metal Creations','This 1:18 scale precision die-cast reproduction of the 1961 Chevrolet Impala has all the features-doors, hood and trunk that open; detailed 409 cubic-inch engine; chrome dashboard and stick shift, two-tone interior; working steering system; all topped of with a factory baked-enamel finish.',7869,32.33,80.84),('S32_1268','1980’s GM Manhattan Express','Trucks and Buses','1:32','Motor City Art Classics','This 1980’s era new look Manhattan express is still active, running from the Bronx to mid-town Manhattan. Has 35 opeining windows and working lights. Needs a battery.',5099,53.93,96.31),('S32_1374','1997 BMW F650 ST','Motorcycles','1:32','Exoto Designs','Features official die-struck logos and baked enamel finish. Comes with stand.',178,66.92,99.89),('S32_2206','1982 Ducati 996 R','Motorcycles','1:32','Gearbox Collectibles','Features rotating wheels , working kick stand. Comes with stand.',9241,24.14,40.23),('S32_2509','1954 Greyhound Scenicruiser','Trucks and Buses','1:32','Classic Metal Creations','Model features bi-level seating, 50 windows, skylights & glare resistant glass, working steering system, original logos',2874,25.98,54.11),('S32_3207','1950\'s Chicago Surface Lines Streetcar','Trains','1:32','Gearbox Collectibles','This streetcar is a joy to see. It has 80 separate windows, electric wire guides, detailed interiors with seats, poles and drivers controls, rolling and turning wheel assemblies, plus authentic factory baked-enamel finishes (Green Hornet for Chicago and Cream and Crimson for Boston).',8601,26.72,62.14),('S32_3522','1996 Peterbilt 379 Stake Bed with Outrigger','Trucks and Buses','1:32','Red Start Diecast','This model features, opening doors, detailed engine, working steering, tinted windows, detailed interior, die-struck logos, removable stakes operating outriggers, detachable second trailer, functioning 360-degree self loader, precision molded resin trailer and trim, baked enamel finish on cab',814,33.61,64.64),('S32_4289','1928 Ford Phaeton Deluxe','Vintage Cars','1:32','Highway 66 Mini Classics','This model features grille-mounted chrome horn, lift-up louvered hood, fold-down rumble seat, working steering system',136,33.02,68.79),('S32_4485','1974 Ducati 350 Mk3 Desmo','Motorcycles','1:32','Second Gear Diecast','This model features two-tone paint with chrome accents, superior die-cast detail , rotating wheels , working kick stand',3341,56.13,102.05),('S50_1341','1930 Buick Marquette Phaeton','Vintage Cars','1:50','Studio M Art Models','Features opening trunk,  working steering system',7062,27.06,43.64),('S50_1392','Diamond T620 Semi-Skirted Tanker','Trucks and Buses','1:50','Highway 66 Mini Classics','This limited edition model is licensed and perfectly scaled for Lionel Trains. The Diamond T620 has been produced in solid precision diecast and painted with a fire baked enamel finish. It comes with a removable tanker and is a perfect model to add authenticity to your static train or car layout or to just have on display.',1016,68.29,115.75),('S50_1514','1962 City of Detroit Streetcar','Trains','1:50','Classic Metal Creations','This streetcar is a joy to see. It has 99 separate windows, electric wire guides, detailed interiors with seats, poles and drivers controls, rolling and turning wheel assemblies, plus authentic factory baked-enamel finishes (Green Hornet for Chicago and Cream and Crimson for Boston).',1645,37.49,58.58),('S50_4713','2002 Yamaha YZR M1','Motorcycles','1:50','Autoart Studio Design','Features rotating wheels , working kick stand. Comes with stand.',600,34.17,81.36),('S700_1138','The Schooner Bluenose','Ships','1:700','Autoart Studio Design','All wood with canvas sails. Measures 31 1/2 inches in Length, 22 inches High and 4 3/4 inches Wide. Many extras.\r\nThe schooner Bluenose was built in Nova Scotia in 1921 to fish the rough waters off the coast of Newfoundland. Because of the Bluenose racing prowess she became the pride of all Canadians. Still featured on stamps and the Canadian dime, the Bluenose was lost off Haiti in 1946.',1897,34.00,66.67),('S700_1691','American Airlines: B767-300','Planes','1:700','Min Lin Diecast','Exact replia with official logos and insignias and retractable wheels',5841,51.15,91.34),('S700_1938','The Mayflower','Ships','1:700','Studio M Art Models','Measures 31 1/2 inches Long x 25 1/2 inches High x 10 5/8 inches Wide\r\nAll wood with canvas sail. Extras include long boats, rigging, ladders, railing, anchors, side cannons, hand painted, etc.',737,43.30,86.61),('S700_2047','HMS Bounty','Ships','1:700','Unimax Art Galleries','Measures 30 inches Long x 27 1/2 inches High x 4 3/4 inches Wide. \r\nMany extras including rigging, long boats, pilot house, anchors, etc. Comes with three masts, all square-rigged.',3501,39.83,90.52),('S700_2466','America West Airlines B757-200','Planes','1:700','Motor City Art Classics','Official logos and insignias. Working steering system. Rotating jet engines',9653,68.80,99.72),('S700_2610','The USS Constitution Ship','Ships','1:700','Red Start Diecast','All wood with canvas sails. Measures 31 1/2\" Length x 22 3/8\" High x 8 1/4\" Width. Extras include 4 boats on deck, sea sprite on bow, anchors, copper railing, pilot houses, etc.',7083,33.97,72.28),('S700_2824','1982 Camaro Z28','Classic Cars','1:18','Carousel DieCast Legends','Features include opening and closing doors. Color: White. \r\nMeasures approximately 9 1/2\" Long.',6934,46.53,101.15),('S700_2834','ATA: B757-300','Planes','1:700','Highway 66 Mini Classics','Exact replia with official logos and insignias and retractable wheels',7106,59.33,118.65),('S700_3167','F/A 18 Hornet 1/72','Planes','1:72','Motor City Art Classics','10\" Wingspan with retractable landing gears.Comes with pilot',551,54.40,80.00),('S700_3505','The Titanic','Ships','1:700','Carousel DieCast Legends','Completed model measures 19 1/2 inches long, 9 inches high, 3inches wide and is in barn red/black. All wood and metal.',1956,51.09,100.17),('S700_3962','The Queen Mary','Ships','1:700','Welly Diecast Productions','Exact replica. Wood and Metal. Many extras including rigging, long boats, pilot house, anchors, etc. Comes with three masts, all square-rigged.',5088,53.63,99.31),('S700_4002','American Airlines: MD-11S','Planes','1:700','Second Gear Diecast','Polished finish. Exact replia with official logos and insignias and retractable wheels',8820,36.27,74.03),('S72_1253','Boeing X-32A JSF','Planes','1:72','Motor City Art Classics','10\" Wingspan with retractable landing gears.Comes with pilot',4857,32.77,49.66),('S72_3212','Pont Yacht','Ships','1:72','Unimax Art Galleries','Measures 38 inches Long x 33 3/4 inches High. Includes a stand.\r\nMany extras including rigging, long boats, pilot house, anchors, etc. Comes with 2 masts, all square-rigged',414,33.30,54.60);
/*!40000 ALTER TABLE `productsa` ENABLE KEYS */;
UNLOCK TABLES;

--
-- Table structure for table `rentals`
--

DROP TABLE IF EXISTS `rentals`;
/*!40101 SET @saved_cs_client     = @@character_set_client */;
/*!50503 SET character_set_client = utf8mb4 */;
CREATE TABLE `rentals` (
  `memid` int DEFAULT NULL,
  `first_name` varchar(25) DEFAULT NULL,
  `last_name` varchar(25) DEFAULT NULL,
  `movieid` int DEFAULT NULL
) ENGINE=InnoDB DEFAULT CHARSET=utf8mb4 COLLATE=utf8mb4_0900_ai_ci;
/*!40101 SET character_set_client = @saved_cs_client */;

--
-- Dumping data for table `rentals`
--

LOCK TABLES `rentals` WRITE;
/*!40000 ALTER TABLE `rentals` DISABLE KEYS */;
INSERT INTO `rentals` VALUES (1,'Alicia','Alarcon',1),(2,'Don','Draper',2),(3,'Lizzie','Moss',5),(4,'Eldon','Chance',8),(5,'Jenny','Patterson',10),(6,'Craig','Daniels',NULL),(7,'Denny','Peters',NULL),(8,'Patty','Pattinson',NULL);
/*!40000 ALTER TABLE `rentals` ENABLE KEYS */;
UNLOCK TABLES;

--
-- Table structure for table `station`
--

DROP TABLE IF EXISTS `station`;
/*!40101 SET @saved_cs_client     = @@character_set_client */;
/*!50503 SET character_set_client = utf8mb4 */;
CREATE TABLE `station` (
  `id` int DEFAULT NULL,
  `city` varchar(21) DEFAULT NULL,
  `state` char(4) DEFAULT NULL,
  `lat_n` float(7,2) DEFAULT NULL,
  `long_w` float(7,2) DEFAULT NULL
) ENGINE=InnoDB DEFAULT CHARSET=utf8mb4 COLLATE=utf8mb4_0900_ai_ci;
/*!40101 SET character_set_client = @saved_cs_client */;

--
-- Dumping data for table `station`
--

LOCK TABLES `station` WRITE;
/*!40000 ALTER TABLE `station` DISABLE KEYS */;
INSERT INTO `station` VALUES (794,'Kissee Mills','MO',139.65,73.42),(824,'Loma Mar','CA',48.70,130.54),(603,'Sandy Hook','CT',72.34,148.24),(478,'Tipton','IN',33.55,97.94),(619,'Arlington','CO',75.18,92.95),(711,'Turner','AR',50.24,101.46),(839,'Slidell','LA',85.32,151.87),(411,'Negreet','LA',98.97,105.34),(588,'Glencoe','KY',46.39,136.04),(665,'Chelsea','IA',98.72,59.69),(342,'Chignik Lagoon','AK',103.20,153.01),(733,'Pelahatchie','MS',38.58,28.12),(441,'Hanna City','IL',50.99,136.78),(811,'Dorrance','KS',102.09,121.56),(698,'Albany','CA',49.75,80.21),(325,'Monument','KS',70.52,141.77),(414,'Manchester','MD',73.52,37.15),(113,'Prescott','IA',39.93,65.79),(971,'Graettinger','IA',94.66,150.38),(266,'Cahone','CO',116.23,127.01),(617,'Sturgis','MS',36.46,126.17),(495,'Upperco','MD',114.22,29.63),(473,'Highwood','IL',27.25,150.92),(959,'Waipahu','HI',106.45,33.91),(438,'Bowdon','GA',88.98,78.49),(571,'Tyler','MN',133.35,58.63),(92,'Watkins','CO',83.27,96.74),(399,'Republic','MI',75.42,130.13),(426,'Millville','CA',32.56,145.74),(844,'Aguanga','CA',79.89,65.94),(321,'Bowdon Junction','GA',85.93,33.60),(606,'Morenci','AZ',104.90,110.20),(957,'South El Monte','CA',74.05,79.64),(833,'Hoskinston','KY',65.75,65.68),(843,'Talbert','KY',39.86,58.85),(166,'Mccomb','MS',74.04,42.63),(339,'Kirk','CO',141.10,136.33),(909,'Carlock','IL',117.32,84.80),(829,'Seward','IL',72.42,90.21),(766,'Gustine','CA',111.09,140.83),(392,'Delano','CA',126.35,91.50),(555,'Westphalia','MI',32.77,143.81),(33,'Saint Elmo','AL',27.35,50.58),(728,'Roy','MT',41.31,51.56),(656,'Pattonsburg','MO',138.10,32.11),(394,'Centertown','MO',133.97,93.17),(366,'Norvell','MI',125.34,93.75),(96,'Raymondville','MO',70.68,148.44),(867,'Beaver Island','MI',81.88,164.88),(977,'Odin','IL',53.49,115.79),(741,'Jemison','AL',62.10,25.71),(436,'West Hills','CA',68.43,73.10),(323,'Barrigada','GU',60.61,147.53),(3,'Hesperia','CA',106.06,71.12),(814,'Wickliffe','KY',80.30,46.13),(375,'Culdesac','ID',47.84,78.07),(467,'Roselawn','IN',87.71,51.75),(604,'Forest Lakes','AZ',144.84,114.29),(551,'San Simeon','CA',37.53,28.34),(706,'Little Rock','AR',122.24,121.15),(647,'Portland','AR',83.92,44.81),(25,'New Century','KS',135.02,79.27),(250,'Hampden','MA',76.39,26.48),(124,'Pine','MN',119.46,129.37),(547,'Sandborn','IN',55.95,93.85),(701,'Seaton','IL',128.23,78.43),(197,'Milledgeville','IL',90.99,113.27),(613,'East','MI',108.69,42.48),(630,'Prince','MD',104.83,57.72),(767,'Pomona','FL',100.52,163.35),(679,'Gretna','LA',75.26,142.58),(896,'Yazoo','MS',95.01,85.22),(403,'Zionsville','IN',57.79,36.49),(519,'Rio','CA',29.39,105.82),(482,'Jolon','CA',66.65,52.96),(252,'Childs','MD',92.76,104.02),(600,'Shreveport','LA',136.23,38.50),(14,'Forest','MS',120.28,50.23),(260,'Sizerock','KY',116.02,112.75),(65,'Buffalo','CO',47.66,148.19),(753,'Algonac','MI',118.74,80.15),(174,'Onaway','MI',108.61,55.76),(263,'Irvington','IL',96.70,68.29),(253,'Winsted','MN',68.82,72.52),(557,'Woodbury','GA',102.55,93.38),(897,'Samantha','AL',75.22,35.94),(98,'Hackleburg','AL',119.56,120.62),(423,'Soldier','KS',77.30,152.60),(361,'Arrowsmith','IL',28.00,109.34),(409,'Columbus','GA',67.34,46.62),(312,'Bentonville','AR',36.95,78.07),(854,'Kirkland','AZ',86.41,58.00),(160,'Grosse','MI',102.05,91.37),(735,'Wilton','ME',56.58,157.19),(608,'Busby','MT',104.09,29.83),(122,'Robertsdale','AL',97.72,85.37),(93,'Dale','IN',69.59,34.42),(67,'Reeds','MO',30.79,42.50),(906,'Hayfork','CA',35.30,116.67),(34,'Mcbrides','MI',74.06,35.68),(921,'Lee Center','IL',95.79,77.13),(401,'Tennessee','IL',55.50,155.65),(536,'Henderson','IA',77.92,77.91),(953,'Udall','KS',112.68,59.96),(370,'Palm Desert','CA',106.81,145.76),(614,'Benedict','KS',138.50,95.72),(998,'Oakfield','ME',47.66,132.21),(805,'Tamms','IL',59.87,75.05),(235,'Haubstadt','IN',27.99,32.08),(820,'Chokio','MN',81.36,134.23),(650,'Clancy','MT',45.83,164.38),(791,'Scotts','CA',119.93,90.95),(324,'Norwood','MN',144.49,34.89),(442,'Elkton','MD',103.25,156.73),(633,'Bertha','MN',39.95,105.31),(109,'Bridgeport','MI',50.69,79.90),(780,'Cherry','IL',68.30,46.70),(492,'Regina','KY',131.55,90.24),(965,'Griffin','GA',38.74,151.72),(778,'Pine Bluff','AR',60.41,145.79),(337,'Mascotte','FL',121.46,146.17),(259,'Baldwin','MD',81.74,40.44),(955,'Netawaka','KS',109.21,119.74),(752,'East','CA',106.23,115.25),(886,'Pony','MT',99.26,162.88),(200,'Franklin','LA',82.24,31.78),(384,'Amo','IN',103.59,159.43),(518,'Vulcan','MO',108.61,91.56),(188,'Prairie Du Rocher','IL',75.58,70.71),(161,'Alanson','MI',90.65,72.12),(486,'Delta','LA',136.54,49.73),(406,'Carver','MN',45.89,122.07),(940,'Paron','AR',59.14,104.34),(237,'Winchester','ID',38.37,80.05),(465,'Jerome','AZ',121.71,34.41),(591,'Baton','LA',129.84,71.75),(570,'Greenview','CA',80.50,57.59),(429,'Lucerne','CA',35.62,48.41),(278,'Cromwell','MN',128.85,53.51),(927,'Quinter','KS',59.58,25.36),(59,'Whitewater','MO',82.72,71.43),(218,'Round','ME',127.44,124.00),(291,'Clarkdale','AZ',58.19,73.95),(668,'Rockton','IL',116.12,86.84),(682,'Pheba','MS',90.95,127.30),(775,'Eleele','HI',80.91,152.52),(527,'Auburn','IA',95.49,137.07),(108,'North','ME',70.83,27.32),(190,'Oconee','GA',92.56,119.48),(232,'Grandville','MI',38.85,70.14),(405,'Susanville','CA',128.25,80.32),(273,'Rosie','AR',72.76,161.92),(813,'Verona','MO',109.66,152.64),(444,'Richland','GA',105.47,113.04),(899,'Fremont','MI',54.47,150.82),(738,'Philipsburg','MT',95.96,72.24),(215,'Kensett','IA',55.72,139.55),(743,'De Tour Village','MI',25.42,25.11),(377,'Koleen','IN',137.55,110.51),(727,'Winslow','IL',113.13,38.71),(363,'Reasnor','IA',41.60,162.56),(117,'West','IA',127.23,99.41),(420,'Frankfort','IL',71.60,30.37),(888,'Bono','AR',133.28,150.50),(784,'Biggsville','IL',85.93,138.75),(413,'Linthicum','MD',127.56,67.73),(695,'Amazonia','MO',45.79,148.20),(609,'Marysville','MI',85.76,132.87),(471,'Cape','MO',73.50,90.54),(649,'Pengilly','MN',25.07,154.06),(946,'Newton','MA',48.41,144.84),(380,'Crane','MN',72.92,43.22),(383,'Newbury','MA',128.40,85.17),(44,'Kismet','KS',99.82,156.50),(433,'Canton','ME',98.73,105.97),(283,'Clipper','CA',113.72,56.95),(474,'Grayslake','IL',61.30,33.06),(233,'Pierre','LA',52.09,90.06),(990,'Bison','KS',132.23,74.89),(502,'Bellevue','KY',127.43,121.75),(327,'Ridgway','CO',77.44,110.27),(4,'South','CT',65.58,33.61),(228,'Rydal','GA',35.68,78.82),(642,'Lynnville','KY',25.41,146.49),(885,'Deerfield','MO',40.21,35.94),(539,'Montreal','MO',129.25,127.33),(202,'Hope','MN',140.36,43.73),(593,'Aliso','CA',67.52,131.42),(521,'Gowrie','IA',130.20,127.98),(938,'Andersonville','GA',141.31,72.53),(919,'Knob','KY',135.85,33.39),(528,'Crouseville','ME',36.52,81.54),(331,'Cranks','KY',55.61,27.28),(45,'Rives','MI',94.20,116.85),(944,'Ledyard','CT',134.55,143.81),(949,'Norway','ME',83.89,88.41),(88,'Eros','LA',95.16,58.31),(878,'Rantoul','KS',31.80,118.62),(35,'Richmond Hill','GA',39.40,113.60),(17,'Fredericktown','MO',105.53,112.69),(447,'Arkadelphia','AR',98.62,49.58),(498,'Glen','IL',60.84,140.72),(351,'Fredericksburg','IN',44.51,78.06),(774,'Manchester','IA',129.67,123.30),(116,'Mc Henry','MD',93.29,112.56),(963,'Eriline','KY',93.62,65.44),(643,'Wellington','KY',100.45,31.69),(781,'Hoffman','IL',129.40,53.42),(364,'Howard','MN',125.76,78.33),(777,'Edgewater','MD',130.07,72.29),(15,'Ducor','CA',140.86,102.04),(910,'Salem','KY',86.98,113.96),(612,'Sturdivant','MO',93.84,86.39),(537,'Hagatna','GU',97.17,151.81),(970,'East','CT',115.68,132.38),(510,'Eastlake','MI',134.09,38.78),(354,'Larkspur','CA',107.05,65.97),(983,'Patriot','IN',82.64,46.08),(799,'Corriganville','MD',141.38,153.65),(581,'Carlos','MN',114.91,66.28),(825,'Addison','MI',96.37,142.41),(526,'Tarzana','CA',135.86,81.31),(176,'Grapevine','AR',92.37,84.54),(994,'Kanorado','KS',65.42,85.72),(704,'Climax','MI',127.36,107.05),(582,'Curdsville','KY',84.79,150.48),(884,'Southport','CT',59.09,63.13),(196,'Compton','IL',106.62,99.41),(605,'Notasulga','AL',66.84,115.69),(430,'Rumsey','KY',70.69,50.21),(234,'Rogers','CT',140.47,33.18),(700,'Pleasant','AR',135.14,145.59),(702,'Everton','MO',119.05,51.49),(662,'Skanee','MI',70.17,129.56),(171,'Springerville','AZ',124.69,150.66),(615,'Libertytown','MD',144.58,111.97),(26,'Church','MD',39.43,91.26),(692,'Yellow','ID',83.12,150.89),(336,'Dumont','MN',57.01,129.37),(464,'Gales','CT',104.57,37.41),(315,'Ravenna','KY',79.15,106.25),(505,'Williams','AZ',73.48,111.74),(842,'Decatur','MI',63.31,161.42),(982,'Holbrook','AZ',134.88,103.86),(868,'Sherrill','AR',79.96,152.22),(554,'Brownsdale','MN',52.43,50.80),(199,'Linden','MI',53.41,32.62),(453,'Sedgwick','AR',68.93,75.29),(451,'Fort','IA',142.86,140.64),(950,'Peachtree City','GA',80.49,155.98),(326,'Rocheport','MO',114.16,64.48),(189,'West','KY',73.97,45.06),(638,'Clovis','CA',92.44,138.08),(156,'Heyburn','ID',82.09,121.05),(861,'Peabody','KS',75.42,152.21),(722,'Marion','AL',53.32,31.34),(428,'Randall','KS',48.00,135.63),(677,'Hayesville','IA',119.99,42.13),(183,'Jordan','MN',68.75,35.46),(322,'\"White Horse	Beach\"','MA',54.29,59.32),(827,'Greenville','IL',50.64,153.02),(242,'Macy','IN',138.69,152.37),(621,'Flowood','MS',64.89,149.21),(960,'Deep','IA',75.37,38.57),(180,'Napoleon','IN',32.03,160.24),(382,'Leavenworth','IN',100.43,121.73),(853,'Coldwater','KS',47.51,26.31),(105,'Weldon','CA',134.02,118.96),(357,'Yellville','AR',35.69,42.25),(710,'Turners','MA',31.09,125.09),(520,'Delray','FL',27.29,158.52),(920,'Eustis','FL',42.74,39.48),(684,'Mineral','MO',91.20,41.43),(355,'Weldona','CO',32.97,58.45),(389,'Midpines','CA',106.43,59.38),(303,'Cascade','ID',31.77,157.48),(501,'Tefft','IN',93.22,150.02),(673,'Showell','MD',44.19,163.54),(834,'Bayville','ME',106.73,143.41),(255,'Brighton','IL',107.61,32.85),(595,'Grimes','IA',42.05,74.73),(709,'Nubieber','CA',132.90,49.28),(100,'North','ME',130.95,78.17),(522,'Harmony','MN',124.36,126.37),(16,'Beaufort','MO',71.77,85.66),(231,'Arispe','IA',31.11,137.80),(923,'Union','MO',79.07,132.66),(891,'Humeston','IA',74.51,122.42),(165,'Baileyville','IL',82.25,61.45),(757,'Lakeville','CT',59.87,94.99),(506,'Firebrick','KY',49.99,95.04),(76,'Pico','CA',143.28,116.53),(246,'Ludington','MI',30.22,120.23),(583,'Channing','MI',117.16,56.95),(666,'West Baden Springs','IN',30.35,96.11),(373,'Pawnee','IL',85.23,81.42),(504,'Melber','KY',37.25,55.53),(901,'Manchester','MN',71.02,84.01),(306,'Bainbridge','GA',62.05,56.88),(821,'Sanders','AZ',130.50,96.78),(586,'Ottertail','MN',100.02,44.34),(95,'Dupo','IL',41.28,29.03),(524,'Montrose','CA',136.48,119.37),(716,'Schleswig','IA',119.25,51.88),(849,'Harbor','MI',141.30,148.86),(611,'Richmond','IL',113.25,163.46),(904,'Ermine','KY',119.64,62.80),(740,'Siler','KY',137.02,117.25),(439,'Reeves','LA',35.25,51.40),(57,'Clifton','AZ',30.15,135.70),(155,'Casco','MI',138.60,109.07),(755,'Sturgis','MI',117.39,135.40),(11,'Crescent','FL',58.04,117.90),(287,'Madisonville','LA',112.22,53.05),(435,'Albion','IN',44.26,121.88),(672,'Lismore','MN',58.87,103.87),(572,'Athens','IN',75.32,120.80),(890,'Eufaula','AL',140.30,103.09),(975,'Panther','MS',116.51,164.52),(914,'Hanscom','MA',129.19,136.41),(119,'Wildie','KY',69.66,111.86),(540,'Mosca','CO',89.20,141.48),(678,'Bennington','IN',35.52,26.80),(208,'Lottie','LA',109.87,82.77),(512,'Garland','ME',108.73,134.38),(352,'Clutier','IA',61.19,127.03),(948,'Lupton','MI',139.93,53.36),(503,'Northfield','MN',61.00,37.15),(288,'Daleville','AL',121.89,136.17),(560,'Osage City','KS',110.20,89.61),(479,'Cuba','MO',63.72,87.65),(826,'Norris','MT',47.19,37.26),(651,'Clopton','AL',40.77,84.71),(143,'Renville','MN',142.15,99.43),(240,'Saint','KS',66.21,163.01),(102,'Kirksville','MO',140.00,143.87),(69,'Kingsland','AR',78.22,85.14),(181,'Fairview','KS',80.27,164.58),(175,'Lydia','LA',41.78,39.53),(80,'Bridgton','ME',93.23,140.42),(596,'Brownstown','IL',48.65,63.22),(301,'Monona','IA',144.13,81.58),(987,'Hartland','MI',136.26,107.74),(973,'Andover','CT',51.74,52.53),(981,'Lakota','IA',56.15,92.39),(440,'Grand','CA',37.31,126.59),(110,'Mesick','MI',82.12,108.53),(396,'Dryden','MI',69.80,47.74),(637,'Beverly','KY',57.75,126.90),(566,'Marine On Saint Croix','MN',126.16,115.79),(801,'Pocahontas','IL',109.63,83.23),(739,'Fort','FL',43.99,35.30),(130,'Hayneville','AL',109.74,157.47),(345,'Yoder','IN',83.50,143.72),(851,'Gatewood','MO',76.32,145.67),(489,'Madden','MS',81.34,99.38),(223,'Losantville','IN',112.52,106.78),(538,'Cheswold','DE',31.94,59.35),(329,'Caseville','MI',102.92,98.40),(815,'Pomona','MO',52.33,50.28),(789,'Hopkinsville','KY',27.32,47.95),(269,'Jack','AL',49.94,85.63),(969,'Dixie','GA',27.22,36.47),(271,'Hillside','CO',99.27,68.84),(667,'Hawarden','IA',90.96,46.93),(350,'Cannonsburg','MI',91.03,120.67),(49,'Osborne','KS',70.36,139.71),(332,'Elm','LA',45.94,29.40),(172,'Atlantic','MI',131.23,99.47),(699,'North','CT',37.80,95.27),(417,'New','IA',139.96,94.60),(99,'Woodstock','CT',117.39,162.63),(404,'Farmington','IL',91.71,72.02),(23,'Honolulu','HI',110.10,139.74),(1,'Pfeifer','KS',37.44,65.68),(127,'Oshtemo','MI',100.37,135.95),(657,'Gridley','KS',118.15,55.80),(261,'Fulton','KY',111.11,51.93),(182,'Winter','FL',133.23,32.76),(328,'Monroe','LA',28.36,108.42),(779,'Del','CA',59.18,95.77),(646,'Greens','IN',133.92,135.48),(756,'Garden','AL',96.08,105.42),(157,'Blue','KY',116.96,162.00),(400,'New','IN',134.02,120.95),(61,'Brilliant','AL',86.44,159.85),(610,'Archie','MO',40.20,28.20),(985,'Winslow','AR',126.14,126.12),(207,'Olmitz','KS',29.24,38.40),(941,'Allerton','IA',61.84,112.50),(70,'Norphlet','AR',144.02,61.19),(343,'Mechanic','ME',71.67,71.12),(531,'North','KY',42.99,141.91),(996,'Keyes','CA',76.97,85.61),(167,'Equality','AL',106.98,116.06),(750,'Neon','KY',101.98,147.67),(410,'Calhoun','KY',95.60,56.90),(725,'Alpine','AR',116.82,114.65),(988,'Mullan','ID',143.30,154.67),(55,'Coalgood','KY',57.17,149.02),(640,'Walnut','MS',40.94,76.96),(302,'Saint','FL',51.71,119.86),(387,'Ojai','CA',68.61,119.33),(476,'Julian','CA',130.51,101.56),(907,'Veedersburg','IN',78.90,94.85),(294,'Orange','FL',59.22,137.31),(661,'Payson','AZ',126.30,154.16),(745,'Windom','KS',114.19,126.39),(631,'Urbana','IA',142.53,29.35),(356,'Ludlow','CA',110.99,87.59),(419,'Lindsay','MT',143.10,67.84),(494,'Palatka','FL',94.55,52.33),(625,'Bristol','ME',87.97,95.29),(459,'Harmony','IN',135.02,70.83),(636,'Ukiah','CA',86.98,89.58),(106,'Yuma','AZ',111.33,153.95),(204,'Alba','MI',91.64,103.63),(344,'Zachary','LA',60.71,152.49),(599,'Esmond','IL',75.55,90.92),(515,'Waresboro','GA',144.25,153.61),(497,'Hills','MN',137.97,134.77),(162,'Montgomery','MO',70.44,44.67),(499,'Delavan','MN',32.58,64.51),(362,'Magnolia','MS',112.74,31.80),(545,'Byron','CA',136.51,120.42),(712,'Dundee','IA',61.60,105.04),(257,'Eureka','AR',72.06,34.78),(154,'Baker','CA',31.05,148.46),(715,'Hyde','MA',65.09,156.24),(493,'Groveoak','AL',53.39,87.51),(836,'Kenner','LA',91.74,126.57),(82,'Many','LA',36.28,94.73),(644,'Seward','AK',120.29,35.71),(391,'Berryton','KS',60.73,139.76),(696,'Chilhowee','MO',79.61,49.36),(905,'Newark','IL',72.53,129.89),(81,'Cowgill','MO',136.80,27.64),(31,'Novinger','MO',108.04,111.91),(299,'Goodman','MS',101.44,117.28),(84,'Cobalt','CT',87.32,26.53),(754,'South','MI',144.66,52.79),(144,'Eskridge','KS',107.63,63.49),(305,'Bennington','KS',93.87,83.24),(226,'Decatur','MS',71.25,117.57),(224,'West','MA',58.96,96.01),(694,'Ozona','FL',144.99,120.88),(623,'Jackson','AL',111.23,67.24),(543,'Lapeer','MI',128.62,114.26),(819,'Peaks','ME',59.14,110.69),(243,'Hazlehurst','MS',49.03,108.50),(457,'Chester','CA',69.81,123.93),(871,'Clarkston','MI',93.94,80.54),(470,'Healdsburg','CA',111.10,54.22),(705,'Hotchkiss','CO',69.90,71.82),(690,'Ravenden','AR',67.63,108.26),(62,'Monroe','AR',131.90,150.22),(365,'Payson','IL',81.74,92.11),(922,'Kell','IL',70.36,58.74),(838,'Strasburg','CO',89.40,47.89),(286,'Five','AL',45.66,122.22),(968,'Norris','IL',53.67,76.11),(928,'Coaling','AL',144.26,52.21),(746,'Orange','IA',93.53,162.95),(892,'Effingham','KS',132.95,97.72),(193,'Corcoran','CA',81.30,139.56),(225,'Garden','IA',54.21,119.91),(573,'Alton','MO',79.78,112.04),(830,'Greenway','AR',119.27,35.99),(241,'Woodsboro','MD',76.63,141.89),(783,'Strawn','IL',29.68,51.09),(675,'Dent','MN',70.75,136.78),(270,'Shingletown','CA',61.12,102.10),(378,'Clio','IA',46.15,115.42),(104,'Yalaha','FL',120.38,119.69),(460,'Leakesville','MS',107.17,72.58),(804,'Fort','CO',38.50,93.39),(53,'Shasta','CA',99.32,155.61),(448,'Canton','MN',123.64,151.42),(751,'Agency','MO',59.28,95.68),(29,'South','KY',58.00,116.96),(718,'Taft','CA',107.86,146.74),(213,'Calpine','CA',46.51,43.28),(624,'Knobel','AR',95.35,62.09),(908,'Bullhead','AZ',94.83,30.43),(845,'Tina','MO',131.70,28.12),(685,'Anthony','KS',45.01,161.13),(731,'Emmett','ID',57.10,31.53),(311,'South','MN',30.50,87.13),(866,'Haverhill','IA',61.83,109.17),(598,'Middleboro','MA',108.05,149.29),(541,'Siloam','GA',105.02,92.23),(889,'Lena','LA',78.16,129.62),(654,'Lee','IL',27.67,51.01),(841,'Freeport','MI',113.55,50.96),(446,'Mid','FL',110.41,50.75),(249,'Acme','LA',73.16,67.68),(376,'Gorham','KS',111.32,64.75),(136,'Bass','ME',137.67,61.33),(455,'Granger','IA',33.42,102.08),(136,'Bass Harbor','ME',137.67,61.33),(455,'Granger','IA',33.42,102.08),(794,'Kissee Mills','MO',139.65,73.42),(824,'Loma Mar','CA',48.70,130.54),(603,'Sandy Hook','CT',72.34,148.24),(478,'Tipton','IN',33.55,97.94),(619,'Arlington','CO',75.18,92.95),(711,'Turner','AR',50.24,101.46),(839,'Slidell','LA',85.32,151.87),(411,'Negreet','LA',98.97,105.34),(588,'Glencoe','KY',46.39,136.04),(665,'Chelsea','IA',98.72,59.69),(342,'Chignik Lagoon','AK',103.20,153.01),(733,'Pelahatchie','MS',38.58,28.12),(441,'Hanna City','IL',50.99,136.78),(811,'Dorrance','KS',102.09,121.56),(698,'Albany','CA',49.75,80.21),(325,'Monument','KS',70.52,141.77),(414,'Manchester','MD',73.52,37.15),(113,'Prescott','IA',39.93,65.79),(971,'Graettinger','IA',94.66,150.38),(266,'Cahone','CO',116.23,127.01),(617,'Sturgis','MS',36.46,126.17),(495,'Upperco','MD',114.22,29.63),(473,'Highwood','IL',27.25,150.92),(959,'Waipahu','HI',106.45,33.91),(438,'Bowdon','GA',88.98,78.49),(571,'Tyler','MN',133.35,58.63),(92,'Watkins','CO',83.27,96.74),(399,'Republic','MI',75.42,130.13),(426,'Millville','CA',32.56,145.74),(844,'Aguanga','CA',79.89,65.94),(321,'Bowdon Junction','GA',85.93,33.60),(606,'Morenci','AZ',104.90,110.20),(957,'South El Monte','CA',74.05,79.64),(833,'Hoskinston','KY',65.75,65.68),(843,'Talbert','KY',39.86,58.85),(166,'Mccomb','MS',74.04,42.63),(339,'Kirk','CO',141.10,136.33),(909,'Carlock','IL',117.32,84.80),(829,'Seward','IL',72.42,90.21),(766,'Gustine','CA',111.09,140.83),(392,'Delano','CA',126.35,91.50),(555,'Westphalia','MI',32.77,143.81),(33,'Saint Elmo','AL',27.35,50.58),(728,'Roy','MT',41.31,51.56),(656,'Pattonsburg','MO',138.10,32.11),(394,'Centertown','MO',133.97,93.17),(366,'Norvell','MI',125.34,93.75),(96,'Raymondville','MO',70.68,148.44),(867,'Beaver Island','MI',81.88,164.88),(977,'Odin','IL',53.49,115.79),(741,'Jemison','AL',62.10,25.71),(436,'West Hills','CA',68.43,73.10),(323,'Barrigada','GU',60.61,147.53),(3,'Hesperia','CA',106.06,71.12),(814,'Wickliffe','KY',80.30,46.13),(375,'Culdesac','ID',47.84,78.07),(467,'Roselawn','IN',87.71,51.75),(604,'Forest Lakes','AZ',144.84,114.29),(551,'San Simeon','CA',37.53,28.34),(706,'Little Rock','AR',122.24,121.15),(647,'Portland','AR',83.92,44.81),(25,'New Century','KS',135.02,79.27),(250,'Hampden','MA',76.39,26.48),(124,'Pine','MN',119.46,129.37),(547,'Sandborn','IN',55.95,93.85),(701,'Seaton','IL',128.23,78.43),(197,'Milledgeville','IL',90.99,113.27),(613,'East','MI',108.69,42.48),(630,'Prince','MD',104.83,57.72),(767,'Pomona','FL',100.52,163.35),(679,'Gretna','LA',75.26,142.58),(896,'Yazoo','MS',95.01,85.22),(403,'Zionsville','IN',57.79,36.49),(519,'Rio','CA',29.39,105.82),(482,'Jolon','CA',66.65,52.96),(252,'Childs','MD',92.76,104.02),(600,'Shreveport','LA',136.23,38.50),(14,'Forest','MS',120.28,50.23),(260,'Sizerock','KY',116.02,112.75),(65,'Buffalo','CO',47.66,148.19),(753,'Algonac','MI',118.74,80.15),(174,'Onaway','MI',108.61,55.76),(263,'Irvington','IL',96.70,68.29),(253,'Winsted','MN',68.82,72.52),(557,'Woodbury','GA',102.55,93.38),(897,'Samantha','AL',75.22,35.94),(98,'Hackleburg','AL',119.56,120.62),(423,'Soldier','KS',77.30,152.60),(361,'Arrowsmith','IL',28.00,109.34),(409,'Columbus','GA',67.34,46.62),(312,'Bentonville','AR',36.95,78.07),(854,'Kirkland','AZ',86.41,58.00),(160,'Grosse','MI',102.05,91.37),(735,'Wilton','ME',56.58,157.19),(608,'Busby','MT',104.09,29.83),(122,'Robertsdale','AL',97.72,85.37),(93,'Dale','IN',69.59,34.42),(67,'Reeds','MO',30.79,42.50),(906,'Hayfork','CA',35.30,116.67),(34,'Mcbrides','MI',74.06,35.68),(921,'Lee Center','IL',95.79,77.13),(401,'Tennessee','IL',55.50,155.65),(536,'Henderson','IA',77.92,77.91),(953,'Udall','KS',112.68,59.96),(370,'Palm Desert','CA',106.81,145.76),(614,'Benedict','KS',138.50,95.72),(998,'Oakfield','ME',47.66,132.21),(805,'Tamms','IL',59.87,75.05),(235,'Haubstadt','IN',27.99,32.08),(820,'Chokio','MN',81.36,134.23),(650,'Clancy','MT',45.83,164.38),(791,'Scotts','CA',119.93,90.95),(324,'Norwood','MN',144.49,34.89),(442,'Elkton','MD',103.25,156.73),(633,'Bertha','MN',39.95,105.31),(109,'Bridgeport','MI',50.69,79.90),(780,'Cherry','IL',68.30,46.70),(492,'Regina','KY',131.55,90.24),(965,'Griffin','GA',38.74,151.72),(778,'Pine Bluff','AR',60.41,145.79),(337,'Mascotte','FL',121.46,146.17),(259,'Baldwin','MD',81.74,40.44),(955,'Netawaka','KS',109.21,119.74),(752,'East','CA',106.23,115.25),(886,'Pony','MT',99.26,162.88),(200,'Franklin','LA',82.24,31.78),(384,'Amo','IN',103.59,159.43),(518,'Vulcan','MO',108.61,91.56),(188,'Prairie Du Rocher','IL',75.58,70.71),(161,'Alanson','MI',90.65,72.12),(486,'Delta','LA',136.54,49.73),(406,'Carver','MN',45.89,122.07),(940,'Paron','AR',59.14,104.34),(237,'Winchester','ID',38.37,80.05),(465,'Jerome','AZ',121.71,34.41),(591,'Baton','LA',129.84,71.75),(570,'Greenview','CA',80.50,57.59),(429,'Lucerne','CA',35.62,48.41),(278,'Cromwell','MN',128.85,53.51),(927,'Quinter','KS',59.58,25.36),(59,'Whitewater','MO',82.72,71.43),(218,'Round','ME',127.44,124.00),(291,'Clarkdale','AZ',58.19,73.95),(668,'Rockton','IL',116.12,86.84),(682,'Pheba','MS',90.95,127.30),(775,'Eleele','HI',80.91,152.52),(527,'Auburn','IA',95.49,137.07),(108,'North','ME',70.83,27.32),(190,'Oconee','GA',92.56,119.48),(232,'Grandville','MI',38.85,70.14),(405,'Susanville','CA',128.25,80.32),(273,'Rosie','AR',72.76,161.92),(813,'Verona','MO',109.66,152.64),(444,'Richland','GA',105.47,113.04),(899,'Fremont','MI',54.47,150.82),(738,'Philipsburg','MT',95.96,72.24),(215,'Kensett','IA',55.72,139.55),(743,'De Tour Village','MI',25.42,25.11),(377,'Koleen','IN',137.55,110.51),(727,'Winslow','IL',113.13,38.71),(363,'Reasnor','IA',41.60,162.56),(117,'West','IA',127.23,99.41),(420,'Frankfort','IL',71.60,30.37),(888,'Bono','AR',133.28,150.50),(784,'Biggsville','IL',85.93,138.75),(413,'Linthicum','MD',127.56,67.73),(695,'Amazonia','MO',45.79,148.20),(609,'Marysville','MI',85.76,132.87),(471,'Cape','MO',73.50,90.54),(649,'Pengilly','MN',25.07,154.06),(946,'Newton','MA',48.41,144.84),(380,'Crane','MN',72.92,43.22),(383,'Newbury','MA',128.40,85.17),(44,'Kismet','KS',99.82,156.50),(433,'Canton','ME',98.73,105.97),(283,'Clipper','CA',113.72,56.95),(474,'Grayslake','IL',61.30,33.06),(233,'Pierre','LA',52.09,90.06),(990,'Bison','KS',132.23,74.89),(502,'Bellevue','KY',127.43,121.75),(327,'Ridgway','CO',77.44,110.27),(4,'South','CT',65.58,33.61),(228,'Rydal','GA',35.68,78.82),(642,'Lynnville','KY',25.41,146.49),(885,'Deerfield','MO',40.21,35.94),(539,'Montreal','MO',129.25,127.33),(202,'Hope','MN',140.36,43.73),(593,'Aliso','CA',67.52,131.42),(521,'Gowrie','IA',130.20,127.98),(938,'Andersonville','GA',141.31,72.53),(919,'Knob','KY',135.85,33.39),(528,'Crouseville','ME',36.52,81.54),(331,'Cranks','KY',55.61,27.28),(45,'Rives','MI',94.20,116.85),(944,'Ledyard','CT',134.55,143.81),(949,'Norway','ME',83.89,88.41),(88,'Eros','LA',95.16,58.31),(878,'Rantoul','KS',31.80,118.62),(35,'Richmond Hill','GA',39.40,113.60),(17,'Fredericktown','MO',105.53,112.69),(447,'Arkadelphia','AR',98.62,49.58),(498,'Glen','IL',60.84,140.72),(351,'Fredericksburg','IN',44.51,78.06),(774,'Manchester','IA',129.67,123.30),(116,'Mc Henry','MD',93.29,112.56),(963,'Eriline','KY',93.62,65.44),(643,'Wellington','KY',100.45,31.69),(781,'Hoffman','IL',129.40,53.42),(364,'Howard','MN',125.76,78.33),(777,'Edgewater','MD',130.07,72.29),(15,'Ducor','CA',140.86,102.04),(910,'Salem','KY',86.98,113.96),(612,'Sturdivant','MO',93.84,86.39),(537,'Hagatna','GU',97.17,151.81),(970,'East','CT',115.68,132.38),(510,'Eastlake','MI',134.09,38.78),(354,'Larkspur','CA',107.05,65.97),(983,'Patriot','IN',82.64,46.08),(799,'Corriganville','MD',141.38,153.65),(581,'Carlos','MN',114.91,66.28),(825,'Addison','MI',96.37,142.41),(526,'Tarzana','CA',135.86,81.31),(176,'Grapevine','AR',92.37,84.54),(994,'Kanorado','KS',65.42,85.72),(704,'Climax','MI',127.36,107.05),(582,'Curdsville','KY',84.79,150.48),(884,'Southport','CT',59.09,63.13),(196,'Compton','IL',106.62,99.41),(605,'Notasulga','AL',66.84,115.69),(430,'Rumsey','KY',70.69,50.21),(234,'Rogers','CT',140.47,33.18),(700,'Pleasant','AR',135.14,145.59),(702,'Everton','MO',119.05,51.49),(662,'Skanee','MI',70.17,129.56),(171,'Springerville','AZ',124.69,150.66),(615,'Libertytown','MD',144.58,111.97),(26,'Church','MD',39.43,91.26),(692,'Yellow','ID',83.12,150.89),(336,'Dumont','MN',57.01,129.37),(464,'Gales','CT',104.57,37.41),(315,'Ravenna','KY',79.15,106.25),(505,'Williams','AZ',73.48,111.74),(842,'Decatur','MI',63.31,161.42),(982,'Holbrook','AZ',134.88,103.86),(868,'Sherrill','AR',79.96,152.22),(554,'Brownsdale','MN',52.43,50.80),(199,'Linden','MI',53.41,32.62),(453,'Sedgwick','AR',68.93,75.29),(451,'Fort','IA',142.86,140.64),(950,'Peachtree City','GA',80.49,155.98),(326,'Rocheport','MO',114.16,64.48),(189,'West','KY',73.97,45.06),(638,'Clovis','CA',92.44,138.08),(156,'Heyburn','ID',82.09,121.05),(861,'Peabody','KS',75.42,152.21),(722,'Marion','AL',53.32,31.34),(428,'Randall','KS',48.00,135.63),(677,'Hayesville','IA',119.99,42.13),(183,'Jordan','MN',68.75,35.46),(322,'\"White Horse	Beach\"','MA',54.29,59.32),(827,'Greenville','IL',50.64,153.02),(242,'Macy','IN',138.69,152.37),(621,'Flowood','MS',64.89,149.21),(960,'Deep','IA',75.37,38.57),(180,'Napoleon','IN',32.03,160.24),(382,'Leavenworth','IN',100.43,121.73),(853,'Coldwater','KS',47.51,26.31),(105,'Weldon','CA',134.02,118.96),(357,'Yellville','AR',35.69,42.25),(710,'Turners','MA',31.09,125.09),(520,'Delray','FL',27.29,158.52),(920,'Eustis','FL',42.74,39.48),(684,'Mineral','MO',91.20,41.43),(355,'Weldona','CO',32.97,58.45),(389,'Midpines','CA',106.43,59.38),(303,'Cascade','ID',31.77,157.48),(501,'Tefft','IN',93.22,150.02),(673,'Showell','MD',44.19,163.54),(834,'Bayville','ME',106.73,143.41),(255,'Brighton','IL',107.61,32.85),(595,'Grimes','IA',42.05,74.73),(709,'Nubieber','CA',132.90,49.28),(100,'North','ME',130.95,78.17),(522,'Harmony','MN',124.36,126.37),(16,'Beaufort','MO',71.77,85.66),(231,'Arispe','IA',31.11,137.80),(923,'Union','MO',79.07,132.66),(891,'Humeston','IA',74.51,122.42),(165,'Baileyville','IL',82.25,61.45),(757,'Lakeville','CT',59.87,94.99),(506,'Firebrick','KY',49.99,95.04),(76,'Pico','CA',143.28,116.53),(246,'Ludington','MI',30.22,120.23),(583,'Channing','MI',117.16,56.95),(666,'West Baden Springs','IN',30.35,96.11),(373,'Pawnee','IL',85.23,81.42),(504,'Melber','KY',37.25,55.53),(901,'Manchester','MN',71.02,84.01),(306,'Bainbridge','GA',62.05,56.88),(821,'Sanders','AZ',130.50,96.78),(586,'Ottertail','MN',100.02,44.34),(95,'Dupo','IL',41.28,29.03),(524,'Montrose','CA',136.48,119.37),(716,'Schleswig','IA',119.25,51.88),(849,'Harbor','MI',141.30,148.86),(611,'Richmond','IL',113.25,163.46),(904,'Ermine','KY',119.64,62.80),(740,'Siler','KY',137.02,117.25),(439,'Reeves','LA',35.25,51.40),(57,'Clifton','AZ',30.15,135.70),(155,'Casco','MI',138.60,109.07),(755,'Sturgis','MI',117.39,135.40),(11,'Crescent','FL',58.04,117.90),(287,'Madisonville','LA',112.22,53.05),(435,'Albion','IN',44.26,121.88),(672,'Lismore','MN',58.87,103.87),(572,'Athens','IN',75.32,120.80),(890,'Eufaula','AL',140.30,103.09),(975,'Panther','MS',116.51,164.52),(914,'Hanscom','MA',129.19,136.41),(119,'Wildie','KY',69.66,111.86),(540,'Mosca','CO',89.20,141.48),(678,'Bennington','IN',35.52,26.80),(208,'Lottie','LA',109.87,82.77),(512,'Garland','ME',108.73,134.38),(352,'Clutier','IA',61.19,127.03),(948,'Lupton','MI',139.93,53.36),(503,'Northfield','MN',61.00,37.15),(288,'Daleville','AL',121.89,136.17),(560,'Osage City','KS',110.20,89.61),(479,'Cuba','MO',63.72,87.65),(826,'Norris','MT',47.19,37.26),(651,'Clopton','AL',40.77,84.71),(143,'Renville','MN',142.15,99.43),(240,'Saint','KS',66.21,163.01),(102,'Kirksville','MO',140.00,143.87),(69,'Kingsland','AR',78.22,85.14),(181,'Fairview','KS',80.27,164.58),(175,'Lydia','LA',41.78,39.53),(80,'Bridgton','ME',93.23,140.42),(596,'Brownstown','IL',48.65,63.22),(301,'Monona','IA',144.13,81.58),(987,'Hartland','MI',136.26,107.74),(973,'Andover','CT',51.74,52.53),(981,'Lakota','IA',56.15,92.39),(440,'Grand','CA',37.31,126.59),(110,'Mesick','MI',82.12,108.53),(396,'Dryden','MI',69.80,47.74),(637,'Beverly','KY',57.75,126.90),(566,'Marine On Saint Croix','MN',126.16,115.79),(801,'Pocahontas','IL',109.63,83.23),(739,'Fort','FL',43.99,35.30),(130,'Hayneville','AL',109.74,157.47),(345,'Yoder','IN',83.50,143.72),(851,'Gatewood','MO',76.32,145.67),(489,'Madden','MS',81.34,99.38),(223,'Losantville','IN',112.52,106.78),(538,'Cheswold','DE',31.94,59.35),(329,'Caseville','MI',102.92,98.40),(815,'Pomona','MO',52.33,50.28),(789,'Hopkinsville','KY',27.32,47.95),(269,'Jack','AL',49.94,85.63),(969,'Dixie','GA',27.22,36.47),(271,'Hillside','CO',99.27,68.84),(667,'Hawarden','IA',90.96,46.93),(350,'Cannonsburg','MI',91.03,120.67),(49,'Osborne','KS',70.36,139.71),(332,'Elm','LA',45.94,29.40),(172,'Atlantic','MI',131.23,99.47),(699,'North','CT',37.80,95.27),(417,'New','IA',139.96,94.60),(99,'Woodstock','CT',117.39,162.63),(404,'Farmington','IL',91.71,72.02),(23,'Honolulu','HI',110.10,139.74),(1,'Pfeifer','KS',37.44,65.68),(127,'Oshtemo','MI',100.37,135.95),(657,'Gridley','KS',118.15,55.80),(261,'Fulton','KY',111.11,51.93),(182,'Winter','FL',133.23,32.76),(328,'Monroe','LA',28.36,108.42),(779,'Del','CA',59.18,95.77),(646,'Greens','IN',133.92,135.48),(756,'Garden','AL',96.08,105.42),(157,'Blue','KY',116.96,162.00),(400,'New','IN',134.02,120.95),(61,'Brilliant','AL',86.44,159.85),(610,'Archie','MO',40.20,28.20),(985,'Winslow','AR',126.14,126.12),(207,'Olmitz','KS',29.24,38.40),(941,'Allerton','IA',61.84,112.50),(70,'Norphlet','AR',144.02,61.19),(343,'Mechanic','ME',71.67,71.12),(531,'North','KY',42.99,141.91),(996,'Keyes','CA',76.97,85.61),(167,'Equality','AL',106.98,116.06),(750,'Neon','KY',101.98,147.67),(410,'Calhoun','KY',95.60,56.90),(725,'Alpine','AR',116.82,114.65),(988,'Mullan','ID',143.30,154.67),(55,'Coalgood','KY',57.17,149.02),(640,'Walnut','MS',40.94,76.96),(302,'Saint','FL',51.71,119.86),(387,'Ojai','CA',68.61,119.33),(476,'Julian','CA',130.51,101.56),(907,'Veedersburg','IN',78.90,94.85),(294,'Orange','FL',59.22,137.31),(661,'Payson','AZ',126.30,154.16),(745,'Windom','KS',114.19,126.39),(631,'Urbana','IA',142.53,29.35),(356,'Ludlow','CA',110.99,87.59),(419,'Lindsay','MT',143.10,67.84),(494,'Palatka','FL',94.55,52.33),(625,'Bristol','ME',87.97,95.29),(459,'Harmony','IN',135.02,70.83),(636,'Ukiah','CA',86.98,89.58),(106,'Yuma','AZ',111.33,153.95),(204,'Alba','MI',91.64,103.63),(344,'Zachary','LA',60.71,152.49),(599,'Esmond','IL',75.55,90.92),(515,'Waresboro','GA',144.25,153.61),(497,'Hills','MN',137.97,134.77),(162,'Montgomery','MO',70.44,44.67),(499,'Delavan','MN',32.58,64.51),(362,'Magnolia','MS',112.74,31.80),(545,'Byron','CA',136.51,120.42),(712,'Dundee','IA',61.60,105.04),(257,'Eureka','AR',72.06,34.78),(154,'Baker','CA',31.05,148.46),(715,'Hyde','MA',65.09,156.24),(493,'Groveoak','AL',53.39,87.51),(836,'Kenner','LA',91.74,126.57),(82,'Many','LA',36.28,94.73),(644,'Seward','AK',120.29,35.71),(391,'Berryton','KS',60.73,139.76),(696,'Chilhowee','MO',79.61,49.36),(905,'Newark','IL',72.53,129.89),(81,'Cowgill','MO',136.80,27.64),(31,'Novinger','MO',108.04,111.91),(299,'Goodman','MS',101.44,117.28),(84,'Cobalt','CT',87.32,26.53),(754,'South','MI',144.66,52.79),(144,'Eskridge','KS',107.63,63.49),(305,'Bennington','KS',93.87,83.24),(226,'Decatur','MS',71.25,117.57),(224,'West','MA',58.96,96.01),(694,'Ozona','FL',144.99,120.88),(623,'Jackson','AL',111.23,67.24),(543,'Lapeer','MI',128.62,114.26),(819,'Peaks','ME',59.14,110.69),(243,'Hazlehurst','MS',49.03,108.50),(457,'Chester','CA',69.81,123.93),(871,'Clarkston','MI',93.94,80.54),(470,'Healdsburg','CA',111.10,54.22),(705,'Hotchkiss','CO',69.90,71.82),(690,'Ravenden','AR',67.63,108.26),(62,'Monroe','AR',131.90,150.22),(365,'Payson','IL',81.74,92.11),(922,'Kell','IL',70.36,58.74),(838,'Strasburg','CO',89.40,47.89),(286,'Five','AL',45.66,122.22),(968,'Norris','IL',53.67,76.11),(928,'Coaling','AL',144.26,52.21),(746,'Orange','IA',93.53,162.95),(892,'Effingham','KS',132.95,97.72),(193,'Corcoran','CA',81.30,139.56),(225,'Garden','IA',54.21,119.91),(573,'Alton','MO',79.78,112.04),(830,'Greenway','AR',119.27,35.99),(241,'Woodsboro','MD',76.63,141.89),(783,'Strawn','IL',29.68,51.09),(675,'Dent','MN',70.75,136.78),(270,'Shingletown','CA',61.12,102.10),(378,'Clio','IA',46.15,115.42),(104,'Yalaha','FL',120.38,119.69),(460,'Leakesville','MS',107.17,72.58),(804,'Fort','CO',38.50,93.39),(53,'Shasta','CA',99.32,155.61),(448,'Canton','MN',123.64,151.42),(751,'Agency','MO',59.28,95.68),(29,'South','KY',58.00,116.96),(718,'Taft','CA',107.86,146.74),(213,'Calpine','CA',46.51,43.28),(624,'Knobel','AR',95.35,62.09),(908,'Bullhead','AZ',94.83,30.43),(845,'Tina','MO',131.70,28.12),(685,'Anthony','KS',45.01,161.13),(731,'Emmett','ID',57.10,31.53),(311,'South','MN',30.50,87.13),(866,'Haverhill','IA',61.83,109.17),(598,'Middleboro','MA',108.05,149.29),(541,'Siloam','GA',105.02,92.23),(889,'Lena','LA',78.16,129.62),(654,'Lee','IL',27.67,51.01),(841,'Freeport','MI',113.55,50.96),(446,'Mid','FL',110.41,50.75),(249,'Acme','LA',73.16,67.68),(376,'Gorham','KS',111.32,64.75),(136,'Bass','ME',137.67,61.33),(455,'Granger','IA',33.42,102.08),(136,'Bass Harbor','ME',137.67,61.33),(455,'Granger','IA',33.42,102.08);
/*!40000 ALTER TABLE `station` ENABLE KEYS */;
UNLOCK TABLES;

--
-- Table structure for table `stationa`
--

DROP TABLE IF EXISTS `stationa`;
/*!40101 SET @saved_cs_client     = @@character_set_client */;
/*!50503 SET character_set_client = utf8mb4 */;
CREATE TABLE `stationa` (
  `id` int DEFAULT NULL,
  `city` varchar(21) DEFAULT NULL,
  `state` char(4) DEFAULT NULL,
  `lat_n` float(7,2) DEFAULT NULL,
  `long_w` float(7,2) DEFAULT NULL
) ENGINE=InnoDB DEFAULT CHARSET=utf8mb4 COLLATE=utf8mb4_0900_ai_ci;
/*!40101 SET character_set_client = @saved_cs_client */;

--
-- Dumping data for table `stationa`
--

LOCK TABLES `stationa` WRITE;
/*!40000 ALTER TABLE `stationa` DISABLE KEYS */;
/*!40000 ALTER TABLE `stationa` ENABLE KEYS */;
UNLOCK TABLES;

--
-- Table structure for table `stock`
--

DROP TABLE IF EXISTS `stock`;
/*!40101 SET @saved_cs_client     = @@character_set_client */;
/*!50503 SET character_set_client = utf8mb4 */;
CREATE TABLE `stock` (
  `stock_id` int NOT NULL,
  `product_id` int DEFAULT NULL,
  `balance_stock` decimal(6,2) DEFAULT NULL,
  PRIMARY KEY (`stock_id`),
  KEY `product_id` (`product_id`),
  CONSTRAINT `stock_ibfk_1` FOREIGN KEY (`product_id`) REFERENCES `products` (`product_id`)
) ENGINE=InnoDB DEFAULT CHARSET=utf8mb4 COLLATE=utf8mb4_0900_ai_ci;
/*!40101 SET character_set_client = @saved_cs_client */;

--
-- Dumping data for table `stock`
--

LOCK TABLES `stock` WRITE;
/*!40000 ALTER TABLE `stock` DISABLE KEYS */;
INSERT INTO `stock` VALUES (3,1,6.00),(4,2,6.00),(5,3,8.00);
/*!40000 ALTER TABLE `stock` ENABLE KEYS */;
UNLOCK TABLES;

--
-- Table structure for table `students`
--

DROP TABLE IF EXISTS `students`;
/*!40101 SET @saved_cs_client     = @@character_set_client */;
/*!50503 SET character_set_client = utf8mb4 */;
CREATE TABLE `students` (
  `id` int NOT NULL,
  `name` varchar(25) DEFAULT NULL,
  `marks` float(6,2) DEFAULT NULL,
  `grade` varchar(100) DEFAULT NULL,
  PRIMARY KEY (`id`)
) ENGINE=InnoDB DEFAULT CHARSET=utf8mb4 COLLATE=utf8mb4_0900_ai_ci;
/*!40101 SET character_set_client = @saved_cs_client */;

--
-- Dumping data for table `students`
--

LOCK TABLES `students` WRITE;
/*!40000 ALTER TABLE `students` DISABLE KEYS */;
INSERT INTO `students` VALUES (11,'Britney',95.00,'distinction'),(12,'Dyana',55.00,'First class'),(13,'Jenny',66.00,'First class'),(14,'Christene',88.00,'distinction'),(15,'Meera',24.00,'fail'),(16,'Priya',76.00,'First class'),(17,'Priyanka',77.00,'First class'),(18,'Paige',74.00,'First class'),(19,'Samantha',87.00,'distinction'),(21,'Julia',96.00,'distinction'),(27,'Evil',79.00,'First class'),(29,'Jane',64.00,'First class'),(31,'Scarlet',80.00,'First class'),(32,'Kristeen',100.00,'distinction'),(34,'Fanny',75.00,'First class'),(37,'Belvet',78.00,'First class'),(38,'Danny',75.00,'First class'),(41,'Salma',81.00,'distinction'),(51,'Amanda',34.00,'fail'),(61,'Heraldo',94.00,'distinction'),(71,'Stuart',99.00,'distinction'),(76,'Amina',89.00,'distinction'),(81,'Aamina',77.00,'First class'),(91,'Vivek',84.00,'distinction'),(96,'Devil',76.00,'First class');
/*!40000 ALTER TABLE `students` ENABLE KEYS */;
UNLOCK TABLES;

--
-- Table structure for table `studentsa`
--

DROP TABLE IF EXISTS `studentsa`;
/*!40101 SET @saved_cs_client     = @@character_set_client */;
/*!50503 SET character_set_client = utf8mb4 */;
CREATE TABLE `studentsa` (
  `id` int NOT NULL,
  `name` varchar(25) DEFAULT NULL,
  `marks` float(6,2) DEFAULT NULL,
  PRIMARY KEY (`id`)
) ENGINE=InnoDB DEFAULT CHARSET=utf8mb4 COLLATE=utf8mb4_0900_ai_ci;
/*!40101 SET character_set_client = @saved_cs_client */;

--
-- Dumping data for table `studentsa`
--

LOCK TABLES `studentsa` WRITE;
/*!40000 ALTER TABLE `studentsa` DISABLE KEYS */;
INSERT INTO `studentsa` VALUES (11,'Britney',95.00),(12,'Dyana',55.00),(13,'Jenny',66.00),(14,'Christene',88.00),(15,'Meera',24.00),(16,'Priya',76.00),(17,'Priyanka',77.00),(18,'Paige',74.00),(19,'Samantha',87.00),(21,'Julia',96.00),(27,'Evil',79.00),(29,'Jane',64.00),(31,'Scarlet',80.00),(32,'Kristeen',100.00),(34,'Fanny',75.00),(37,'Belvet',78.00),(38,'Danny',75.00),(41,'Salma',81.00),(51,'Amanda',34.00),(61,'Heraldo',94.00),(71,'Stuart',99.00),(76,'Amina',89.00),(81,'Aamina',77.00),(91,'Vivek',84.00),(96,'Devil',76.00);
/*!40000 ALTER TABLE `studentsa` ENABLE KEYS */;
UNLOCK TABLES;

--
-- Table structure for table `suppliers`
--

DROP TABLE IF EXISTS `suppliers`;
/*!40101 SET @saved_cs_client     = @@character_set_client */;
/*!50503 SET character_set_client = utf8mb4 */;
CREATE TABLE `suppliers` (
  `supplier_id` int NOT NULL,
  `supplier_name` varchar(255) NOT NULL,
  `location` varchar(200) DEFAULT NULL,
  PRIMARY KEY (`supplier_id`),
  UNIQUE KEY `supplier_name` (`supplier_name`)
) ENGINE=InnoDB DEFAULT CHARSET=utf8mb4 COLLATE=utf8mb4_0900_ai_ci;
/*!40101 SET character_set_client = @saved_cs_client */;

--
-- Dumping data for table `suppliers`
--

LOCK TABLES `suppliers` WRITE;
/*!40000 ALTER TABLE `suppliers` DISABLE KEYS */;
INSERT INTO `suppliers` VALUES (2,'Marauti Suzuki','PUNE'),(12,'Marauti swift','PUNE'),(13,'HONDA CITY','PUNE');
/*!40000 ALTER TABLE `suppliers` ENABLE KEYS */;
UNLOCK TABLES;
/*!40103 SET TIME_ZONE=@OLD_TIME_ZONE */;

/*!40101 SET SQL_MODE=@OLD_SQL_MODE */;
/*!40014 SET FOREIGN_KEY_CHECKS=@OLD_FOREIGN_KEY_CHECKS */;
/*!40014 SET UNIQUE_CHECKS=@OLD_UNIQUE_CHECKS */;
/*!40101 SET CHARACTER_SET_CLIENT=@OLD_CHARACTER_SET_CLIENT */;
/*!40101 SET CHARACTER_SET_RESULTS=@OLD_CHARACTER_SET_RESULTS */;
/*!40101 SET COLLATION_CONNECTION=@OLD_COLLATION_CONNECTION */;
/*!40111 SET SQL_NOTES=@OLD_SQL_NOTES */;

-- Dump completed on 2022-05-30 12:32:14
